Event_ID,Location_ID,Event_Group_ID,Protocol_Name,Start_Date,Observer,Wind_code,Wind_dir,Wave_ht,Cloud_Cover,Precip_Code,Tide,Tide_Level,Tide_State,Start_Time,End_Time,Duration
"{0457150E-DE94-4FA5-A665-A08E4D6B2A77}","{2593DA32-C1AF-4C62-B61F-30A426B30AF1}",,,"07/10/08 00:00:00","Dashiell Feierabend","3",210,"2","3","0",0,"Mid","Rising",1,1,0.0000000000000000e+00
"{24448019-EE03-47EA-926C-98FE18B55D80}","{034D16D6-CC0E-49C6-968D-B1ACBCCED35A}",,,"07/10/08 00:00:00","Dashiell Feierabend","3",190,"2","3","0",0,"Low","Rising",1,1,0.0000000000000000e+00
"{24B80C0E-EC75-4F9B-A6ED-42D5BDAB36D8}","{7582E039-BB5F-4F5F-8CE2-49083924343D}",,,,,,,,,,,,,,,0.0000000000000000e+00
"{4BF0CC12-909A-4A45-9540-86EBF4A067DA}","{67E9BD52-99A9-479D-B6A2-D898C0CB02E8}",,,"07/10/08 00:00:00","Dashiell Feierabend","4",205,"3","3","0",0,"Low","Rising",1,1,0.0000000000000000e+00
"{4C7B15C5-CF53-4487-84B5-983EFF485CEC}","{5610FCBB-E781-4CB0-82BD-1033499FF0CB}",,,"07/10/08 00:00:00","Dashiell Feierabend","4",200,"2","3","0",0,"High","Rising",1,1,0.0000000000000000e+00
"{52769FDC-A485-4ED2-844A-51C5E9DF5C03}","{4F970299-ABA7-46B3-ABEA-FD7B4FB59339}",,,"07/10/08 00:00:00","Dashiell Feierabend","4",160,"3","3","0",0,"Low","Rising",1,1,0.0000000000000000e+00
"{8D4945C2-61A8-4E00-9FCF-3B7631E74CC2}","{23CC6674-CFCD-4C28-A43F-9DEE885AF11A}",,,"07/10/08 00:00:00","Dashiell Feierabend","4",190,"4","3","0",0,"High","Falling",0,0,0.0000000000000000e+00
"{E5EDD48C-1C8F-488F-9128-02BB82390C71}","{7582E039-BB5F-4F5F-8CE2-49083924343D}",,,,,,,,,,,,,,,0.0000000000000000e+00
"{FBA61503-005B-4DB5-9B36-5D56FF54DD76}","{16CD6221-4471-4665-9A5B-504C8948E34A}",,,"07/10/08 00:00:00","Dashiell Feierabend","4",200,"1","3","0",0,"Mid","Rising",1,1,0.0000000000000000e+00
"20070506163553-606938242.912292","{16CD6221-4471-4665-9A5B-504C8948E34A}",,,"05/01/03 00:00:00",,,,,,,,,,0,0,1.0000000000000006e+02
"20070506163624-100197613.239288","{4F970299-ABA7-46B3-ABEA-FD7B4FB59339}",,,"08/12/04 00:00:00",,,,,,,,,,1145,1155,1.0000000000000000e+01
"20070506163624-103972256.183624","{67E9BD52-99A9-479D-B6A2-D898C0CB02E8}",,,"08/22/05 00:00:00",,,,,,,,,,1200,1206,6.0000000000000000e+00
"20070506163624-109438002.109528","{23CC6674-CFCD-4C28-A43F-9DEE885AF11A}",,,"08/03/05 00:00:00",,,,,,,,,,,,
"20070506163624-109563529.491425","{23CC6674-CFCD-4C28-A43F-9DEE885AF11A}",,,"05/01/03 00:00:00",,,,,,,,,,0,0,9.0000000000000000e+01
"20070506163624-118249237.537384","{23CC6674-CFCD-4C28-A43F-9DEE885AF11A}",,,"05/21/04 00:00:00",,,,,,,,,,1115,1133,1.8000000000000000e+01
"20070506163624-118437349.796295","{67E9BD52-99A9-479D-B6A2-D898C0CB02E8}",,,"08/05/03 00:00:00",,,,,,,,,,0,1,6.1000000000000000e+01
"20070506163624-120011270.046234","{2593DA32-C1AF-4C62-B61F-30A426B30AF1}",,,"07/27/04 00:00:00",,,,,,,,,,1005,1010,5.0000000000000000e+00
"20070506163624-12874305.2482605","{7582E039-BB5F-4F5F-8CE2-49083924343D}",,,"09/21/04 00:00:00",,,,,,,,,,1030,1040,1.0000000000000000e+01
"20070506163624-129401624.202728","{034D16D6-CC0E-49C6-968D-B1ACBCCED35A}",,,"06/06/05 00:00:00",,,,,,,,,,1547,1555,8.0000000000000000e+00
"20070506163624-134092986.58371","{4F970299-ABA7-46B3-ABEA-FD7B4FB59339}",,,"09/05/03 00:00:00",,,,,,,,,,0,0,4.2000000000000000e+01
"20070506163624-136326372.623444","{034D16D6-CC0E-49C6-968D-B1ACBCCED35A}",,,"07/14/06 00:00:00",,,,,,,,,,0,0,5.0000000000000000e+00
"20070506163624-141861975.193024","{5610FCBB-E781-4CB0-82BD-1033499FF0CB}",,,"08/05/03 00:00:00",,,,,,,,,,1,1,7.5000000000000000e+01
"20070506163624-144952952.861786","{23CC6674-CFCD-4C28-A43F-9DEE885AF11A}",,,"08/08/05 00:00:00",,,,,,,,,,1147,1216,6.9000000000000000e+01
"20070506163624-149006664.75296","{5610FCBB-E781-4CB0-82BD-1033499FF0CB}",,,"08/14/06 00:00:00",,,,,,,,,,1225,1320,9.5000000000000000e+01
"20070506163624-150435507.297516","{67E9BD52-99A9-479D-B6A2-D898C0CB02E8}",,,"07/21/05 00:00:00",,,,,,,,,,1044,1048,4.0000000000000000e+00
"20070506163624-151255071.163177","{23CC6674-CFCD-4C28-A43F-9DEE885AF11A}",,,"08/16/06 00:00:00",,,,,,,,,,1513,1548,3.5000000000000000e+01
"20070506163624-156302034.854889","{4F970299-ABA7-46B3-ABEA-FD7B4FB59339}",,,"07/05/06 00:00:00",,,,,,,,,,1435,1440,5.0000000000000000e+00
"20070506163624-156549394.130707","{7582E039-BB5F-4F5F-8CE2-49083924343D}",,,"07/19/04 00:00:00",,,,,,,,,,1315,1350,3.5000000000000000e+01
"20070506163624-158544242.38205","{5610FCBB-E781-4CB0-82BD-1033499FF0CB}",,,"07/26/05 00:00:00",,,,,,,,,,1417,1503,8.6000000000000000e+01
"20070506163624-160604774.951935","{67E9BD52-99A9-479D-B6A2-D898C0CB02E8}",,,"06/08/04 00:00:00",,,,,,,,,,1245,1255,1.0000000000000000e+01
"20070506163624-16191184.5207214","{2593DA32-C1AF-4C62-B61F-30A426B30AF1}",,,"08/28/06 00:00:00",,,,,,,,,,1214,1228,1.4000000000000000e+01
"20070506163624-164027750.492096","{67E9BD52-99A9-479D-B6A2-D898C0CB02E8}",,,"07/19/04 00:00:00",,,,,,,,,,1325,1337,1.2000000000000000e+01
"20070506163624-169410884.380341","{2593DA32-C1AF-4C62-B61F-30A426B30AF1}",,,"08/12/04 00:00:00",,,,,,,,,,1010,1030,2.0000000000000000e+01
"20070506163624-169949591.159821","{2593DA32-C1AF-4C62-B61F-30A426B30AF1}",,,"06/28/05 00:00:00",,,,,,,,,,1303,1316,1.3000000000000000e+01
"20070506163624-179447829.723358","{67E9BD52-99A9-479D-B6A2-D898C0CB02E8}",,,"06/06/05 00:00:00",,,,,,,,,,1525,1538,1.3000000000000000e+01
"20070506163624-179736554.62265","{4F970299-ABA7-46B3-ABEA-FD7B4FB59339}",,,"06/19/06 00:00:00",,,,,,,,,,1511,1517,6.0000000000000000e+00
"20070506163624-184855759.143829","{2593DA32-C1AF-4C62-B61F-30A426B30AF1}",,,"05/11/06 00:00:00",,,,,,,,,,1155,1217,6.2000000000000000e+01
"20070506163624-189521491.527557","{2593DA32-C1AF-4C62-B61F-30A426B30AF1}",,,"08/11/05 00:00:00",,,,,,,,,,1234,1241,7.0000000000000000e+00
"20070506163624-192951381.206512","{67E9BD52-99A9-479D-B6A2-D898C0CB02E8}",,,"05/11/06 00:00:00",,,,,,,,,,1222,1245,2.3000000000000000e+01
"20070506163624-198889076.709747","{5610FCBB-E781-4CB0-82BD-1033499FF0CB}",,,"07/14/06 00:00:00",,,,,,,,,,1,1,6.2000000000000000e+01
"20070506163624-205353081.226349","{23CC6674-CFCD-4C28-A43F-9DEE885AF11A}",,,"07/25/06 00:00:00",,,,,,,,,,1614,1629,1.5000000000000000e+01
"20070506163624-210172474.384308","{034D16D6-CC0E-49C6-968D-B1ACBCCED35A}",,,"07/25/06 00:00:00",,,,,,,,,,1540,1549,9.0000000000000000e+00
"20070506163624-210244476.795197","{67E9BD52-99A9-479D-B6A2-D898C0CB02E8}",,,"05/23/03 00:00:00",,,,,,,,,,0,0,6.0000000000000000e+01
"20070506163624-210987627.506256","{5610FCBB-E781-4CB0-82BD-1033499FF0CB}",,"1","08/18/04 00:00:00",,,,,,,,,,931,,-9.3100000000000000e+02
"20070506163624-213124573.230743","{034D16D6-CC0E-49C6-968D-B1ACBCCED35A}",,,"05/02/05 00:00:00",,,,,,,,,,1556,1601,4.5000000000000000e+01
"20070506163624-218578875.06485","{2593DA32-C1AF-4C62-B61F-30A426B30AF1}",,,"05/23/03 00:00:00",,,,,,,,,,0,1,5.4000000000000000e+01
"20070506163624-218785583.972931","{7582E039-BB5F-4F5F-8CE2-49083924343D}",,,"05/20/04 00:00:00",,,,,,,,,,1400,1427,2.7000000000000000e+01
"20070506163624-226125776.767731","{4F970299-ABA7-46B3-ABEA-FD7B4FB59339}",,,"09/02/04 00:00:00",,,,,,,,,,1400,1408,8.0000000000000000e+00
"20070506163624-227304756.641388","{67E9BD52-99A9-479D-B6A2-D898C0CB02E8}",,,"08/14/06 00:00:00",,,,,,,,,,1518,1528,1.0000000000000000e+01
"20070506163624-228140652.179718","{034D16D6-CC0E-49C6-968D-B1ACBCCED35A}",,,"08/03/04 00:00:00",,,,,,,,,,1348,1352,4.0000000000000000e+00
"20070506163624-231971085.071564","{4F970299-ABA7-46B3-ABEA-FD7B4FB59339}",,,"05/02/05 00:00:00",,,,,,,,,,1604,1610,6.0000000000000000e+00
"20070506163624-231989204.883575","{4F970299-ABA7-46B3-ABEA-FD7B4FB59339}",,,"06/23/04 00:00:00",,,,,,,,,,,,
"20070506163624-235627591.609955","{7582E039-BB5F-4F5F-8CE2-49083924343D}",,,"08/08/05 00:00:00",,,,,,,,,,1230,1241,1.1000000000000000e+01
"20070506163624-239126026.630402","{4F970299-ABA7-46B3-ABEA-FD7B4FB59339}",,,"06/28/05 00:00:00",,,,,,,,,,1350,1356,6.0000000000000000e+00
"20070506163624-239882767.20047","{034D16D6-CC0E-49C6-968D-B1ACBCCED35A}",,,"06/19/06 00:00:00",,,,,,,,,,1504,1508,4.0000000000000000e+00
"20070506163624-241450130.939484","{5610FCBB-E781-4CB0-82BD-1033499FF0CB}",,,"08/01/05 00:00:00",,,,,,,,,,1435,1515,8.0000000000000000e+01
"20070506163624-246076047.420502","{2593DA32-C1AF-4C62-B61F-30A426B30AF1}",,,"05/24/06 00:00:00",,,,,,,,,,1119,1140,2.1000000000000000e+01
"20070506163624-249103844.165802","{4F970299-ABA7-46B3-ABEA-FD7B4FB59339}",,,"08/08/05 00:00:00",,,,,,,,,,1122,1130,8.0000000000000000e+00
"20070506163624-249973237.514496","{7582E039-BB5F-4F5F-8CE2-49083924343D}",,,"05/10/06 00:00:00",,,,,,,,,,814,835,2.1000000000000000e+01
"20070506163624-251241385.936737","{034D16D6-CC0E-49C6-968D-B1ACBCCED35A}",,,"09/20/06 00:00:00",,,,,,,,,,1528,1530,2.0000000000000000e+00
"20070506163624-252004563.808441","{4F970299-ABA7-46B3-ABEA-FD7B4FB59339}",,,"07/25/06 00:00:00",,,,,,,,,,1552,1555,3.0000000000000000e+00
"20070506163624-255918800.830841","{2593DA32-C1AF-4C62-B61F-30A426B30AF1}",,,"07/26/05 00:00:00",,,,,,,,,,1550,1606,5.6000000000000000e+01
"20070506163624-258526623.249054","{2593DA32-C1AF-4C62-B61F-30A426B30AF1}",,,"08/15/05 00:00:00",,,,,,,,,,1353,1358,5.0000000000000000e+00
"20070506163624-259430348.873138","{23CC6674-CFCD-4C28-A43F-9DEE885AF11A}",,,"09/21/04 00:00:00",,,,,,,,,,1050,1100,5.0000000000000000e+01
"20070506163624-262924849.98703","{034D16D6-CC0E-49C6-968D-B1ACBCCED35A}",,,"07/19/06 00:00:00",,,,,,,,,,1537,1539,2.0000000000000000e+00
"20070506163624-264636337.757111","{23CC6674-CFCD-4C28-A43F-9DEE885AF11A}",,,"08/11/05 00:00:00",,,,,,,,,,1443,1509,6.6000000000000000e+01
"20070506163624-268132150.173187","{7582E039-BB5F-4F5F-8CE2-49083924343D}",,,"08/08/03 00:00:00",,,,,,,,,,0,0,1.0900000000000000e+02
"20070506163624-271023929.11911","{4F970299-ABA7-46B3-ABEA-FD7B4FB59339}",,,"08/14/06 00:00:00",,,,,,,,,,1542,1548,6.0000000000000000e+00
"20070506163624-271568596.363068","{2593DA32-C1AF-4C62-B61F-30A426B30AF1}",,,"08/02/06 00:00:00",,,,,,,,,,1532,1541,9.0000000000000000e+00
"20070506163624-271722614.765167","{2593DA32-C1AF-4C62-B61F-30A426B30AF1}",,,"07/05/06 00:00:00",,,,,,,,,,1400,1405,5.0000000000000000e+00
"20070506163624-273045599.460602","{23CC6674-CFCD-4C28-A43F-9DEE885AF11A}",,,"08/06/04 00:00:00",,,,,,,,,,1331,1404,7.3000000000000000e+01
"20070506163624-273176729.679108","{5610FCBB-E781-4CB0-82BD-1033499FF0CB}",,,"05/04/06 00:00:00",,,,,,,,,,1348,1441,9.3000000000000000e+01
"20070506163624-274737060.070038","{4F970299-ABA7-46B3-ABEA-FD7B4FB59339}",,,"07/14/06 00:00:00",,,,,,,,,,0,0,6.0000000000000000e+00
"20070506163624-278410971.164703","{67E9BD52-99A9-479D-B6A2-D898C0CB02E8}",,,"07/14/06 00:00:00",,,,,,,,,,1,1,1.7000000000000000e+01
"20070506163624-285776078.701019","{034D16D6-CC0E-49C6-968D-B1ACBCCED35A}",,,"07/26/05 00:00:00",,,,,,,,,,1633,1639,6.0000000000000000e+00
"20070506163624-286727607.250214","{5610FCBB-E781-4CB0-82BD-1033499FF0CB}",,,"08/02/06 00:00:00",,,,,,,,,,1403,1452,4.9000000000000000e+01
"20070506163624-291052043.437958","{7582E039-BB5F-4F5F-8CE2-49083924343D}",,,"07/26/05 00:00:00",,,,,,,,,,717,730,1.3000000000000000e+01
"20070506163624-29402673.2444763","{7582E039-BB5F-4F5F-8CE2-49083924343D}",,,"05/19/05 00:00:00",,,,,,,,,,1440,1450,1.0000000000000000e+01
"20070506163624-297996103.76358","{7582E039-BB5F-4F5F-8CE2-49083924343D}",,,"08/25/04 00:00:00",,,,,,,,,,,,
"20070506163624-299495756.626129","{4F970299-ABA7-46B3-ABEA-FD7B4FB59339}",,,"05/08/03 00:00:00",,,,,,,,,,0,0,4.9000000000000000e+01
"20070506163624-306946814.060211","{034D16D6-CC0E-49C6-968D-B1ACBCCED35A}",,,"08/03/05 00:00:00",,,,,,,,,,1444,1452,8.0000000000000000e+00
"20070506163624-308570086.956024","{034D16D6-CC0E-49C6-968D-B1ACBCCED35A}",,,"05/24/04 00:00:00",,,,,,,,,,1540,1548,8.0000000000000000e+00
"20070506163624-311508715.15274","{034D16D6-CC0E-49C6-968D-B1ACBCCED35A}",,,"08/05/03 00:00:00",,,,,,,,,,0,0,9.0000000000000000e+00
"20070506163624-31154453.754425","{4F970299-ABA7-46B3-ABEA-FD7B4FB59339}",,,"09/16/03 00:00:00",,,,,,,,,,0,0,1.4000000000000000e+01
"20070506163624-312911450.862885","{67E9BD52-99A9-479D-B6A2-D898C0CB02E8}",,,"06/01/06 00:00:00",,,,,,,,,,1440,1444,4.0000000000000000e+00
"20070506163624-314039289.951324","{7582E039-BB5F-4F5F-8CE2-49083924343D}",,,"06/18/05 00:00:00",,,,,,,,,,,,
"20070506163624-314586102.962494","{23CC6674-CFCD-4C28-A43F-9DEE885AF11A}",,,"05/25/04 00:00:00",,,,,,,,,,902,931,2.9000000000000000e+01
"20070506163624-31508624.5536804","{67E9BD52-99A9-479D-B6A2-D898C0CB02E8}",,,"07/26/05 00:00:00",,,,,,,,,,1614,1622,8.0000000000000000e+00
"20070506163624-315855920.314789","{034D16D6-CC0E-49C6-968D-B1ACBCCED35A}",,,"05/11/06 00:00:00",,,,,,,,,,1300,1312,1.2000000000000000e+01
"20070506163624-320234119.89212","{5610FCBB-E781-4CB0-82BD-1033499FF0CB}",,"1","09/21/04 00:00:00",,,,,,,,,,900,925,2.5000000000000000e+01
"20070506163624-321715652.942657","{7582E039-BB5F-4F5F-8CE2-49083924343D}",,,"08/03/05 00:00:00",,,,,,,,,,1559,1608,4.9000000000000000e+01
"20070506163624-322199761.867523","{2593DA32-C1AF-4C62-B61F-30A426B30AF1}",,,"08/22/05 00:00:00",,,,,,,,,,1140,1154,1.4000000000000000e+01
"20070506163624-324798047.542572","{4F970299-ABA7-46B3-ABEA-FD7B4FB59339}",,,"08/05/03 00:00:00",,,,,,,,,,0,0,6.5000000000000000e+01
"20070506163624-324965298.175812","{4F970299-ABA7-46B3-ABEA-FD7B4FB59339}",,,"04/24/03 00:00:00",,,,,,,,,,0,,
"20070506163624-326498448.848724","{5610FCBB-E781-4CB0-82BD-1033499FF0CB}",,,"06/27/05 00:00:00",,,,,,,,,,1000,1030,3.0000000000000000e+01
"20070506163624-327556192.874908","{5610FCBB-E781-4CB0-82BD-1033499FF0CB}",,,"07/25/06 00:00:00",,,,,,,,,,1338,1402,6.4000000000000000e+01
"20070506163624-327914297.580719","{2593DA32-C1AF-4C62-B61F-30A426B30AF1}",,,"09/05/03 00:00:00",,,,,,,,,,1,1,7.3000000000000000e+01
"20070506163624-3313601.01699829","{67E9BD52-99A9-479D-B6A2-D898C0CB02E8}",,,"06/19/06 00:00:00",,,,,,,,,,1448,1455,7.0000000000000000e+00
"20070506163624-332351267.337799","{67E9BD52-99A9-479D-B6A2-D898C0CB02E8}",,,"08/28/06 00:00:00",,,,,,,,,,1240,1256,1.6000000000000000e+01
"20070506163624-33721625.8049011","{67E9BD52-99A9-479D-B6A2-D898C0CB02E8}",,,"07/27/04 00:00:00",,,,,,,,,,945,956,1.1000000000000000e+01
"20070506163624-339941918.849945","{67E9BD52-99A9-479D-B6A2-D898C0CB02E8}",,,"09/20/06 00:00:00",,,,,,,,,,1510,1515,5.0000000000000000e+00
"20070506163624-345450699.329376","{2593DA32-C1AF-4C62-B61F-30A426B30AF1}",,,"05/06/03 00:00:00",,,,,,,,,,0,1,1.2200000000000000e+02
"20070506163624-347347557.544708","{034D16D6-CC0E-49C6-968D-B1ACBCCED35A}",,,"08/28/06 00:00:00",,,,,,,,,,1308,1315,7.0000000000000000e+00
"20070506163624-352360904.216766","{67E9BD52-99A9-479D-B6A2-D898C0CB02E8}",,,"05/26/04 00:00:00",,,,,,,,,,1526,1536,1.0000000000000000e+01
"20070506163624-356228291.988373","{034D16D6-CC0E-49C6-968D-B1ACBCCED35A}",,,"08/15/05 00:00:00",,,,,,,,,,1419,1422,3.0000000000000000e+00
"20070506163624-363182246.685028","{4F970299-ABA7-46B3-ABEA-FD7B4FB59339}",,"1","05/24/06 00:00:00",,,,,,,,,,,,
"20070506163624-365324437.618256","{4F970299-ABA7-46B3-ABEA-FD7B4FB59339}",,,"08/11/05 00:00:00",,,,,,,,,,1355,1400,4.5000000000000000e+01
"20070506163624-365363895.893097","{5610FCBB-E781-4CB0-82BD-1033499FF0CB}",,,"05/24/06 00:00:00",,,,,,,,,,956,1036,8.0000000000000000e+01
"20070506163624-365418732.16629","{4F970299-ABA7-46B3-ABEA-FD7B4FB59339}",,,"06/01/06 00:00:00",,,,,,,,,,1503,1507,4.0000000000000000e+00
"20070506163624-367280185.222626","{7582E039-BB5F-4F5F-8CE2-49083924343D}",,,"08/06/04 00:00:00",,,,,,,,,,1309,1319,1.0000000000000000e+01
"20070506163624-369614064.693451","{67E9BD52-99A9-479D-B6A2-D898C0CB02E8}",,,"06/23/04 00:00:00",,,,,,,,,,1225,1235,1.0000000000000000e+01
"20070506163624-371118009.090424","{2593DA32-C1AF-4C62-B61F-30A426B30AF1}",,,"05/13/03 00:00:00",,,,,,,,,,0,1,1.8500000000000000e+02
"20070506163624-374950826.16806","{7582E039-BB5F-4F5F-8CE2-49083924343D}",,,"08/19/04 00:00:00",,,,,,,,,,948,958,1.0000000000000000e+01
"20070506163624-376609861.850739","{67E9BD52-99A9-479D-B6A2-D898C0CB02E8}",,,"05/06/03 00:00:00",,,,,,,,,,0,0,1.3300000000000000e+02
"20070506163624-378900587.558746","{2593DA32-C1AF-4C62-B61F-30A426B30AF1}",,,"04/27/06 00:00:00",,,,,,,,,,1120,1130,1.0000000000000000e+01
"20070506163624-380801141.262054","{23CC6674-CFCD-4C28-A43F-9DEE885AF11A}",,,"07/26/05 00:00:00",,,,,,,,,,744,813,6.9000000000000000e+01
"20070506163624-384317219.257355","{034D16D6-CC0E-49C6-968D-B1ACBCCED35A}",,,"09/05/03 00:00:00",,,,,,,,,,0,0,9.0000000000000000e+00
"20070506163624-386681735.515594","{67E9BD52-99A9-479D-B6A2-D898C0CB02E8}",,,"08/02/06 00:00:00",,,,,,,,,,1550,1600,5.0000000000000000e+01
"20070506163624-389182150.363922","{2593DA32-C1AF-4C62-B61F-30A426B30AF1}",,,"07/19/06 00:00:00",,,,,,,,,,1457,1500,4.3000000000000000e+01
"20070506163624-39033949.3751526","{5610FCBB-E781-4CB0-82BD-1033499FF0CB}",,,"09/06/06 00:00:00",,,,,,,,,,1040,1118,7.8000000000000000e+01
"20070506163624-3923475.74234009","{67E9BD52-99A9-479D-B6A2-D898C0CB02E8}",,,"08/18/04 00:00:00",,,,,,,,,,1120,1130,1.0000000000000000e+01
"20070506163624-394142210.483551","{5610FCBB-E781-4CB0-82BD-1033499FF0CB}",,,"08/11/05 00:00:00",,,,,,,,,,1000,1054,5.4000000000000000e+01
"20070506163624-394446194.171906","{7582E039-BB5F-4F5F-8CE2-49083924343D}",,,"05/12/03 00:00:00",,,,,,,,,,0,1,1.0699999999999986e+02
"20070506163624-394684612.751007","{5610FCBB-E781-4CB0-82BD-1033499FF0CB}",,"1","06/07/04 00:00:00",,,,,,,,,,1308,1330,2.2000000000000000e+01
"20070506163624-396198332.309723","{7582E039-BB5F-4F5F-8CE2-49083924343D}",,,"08/18/03 00:00:00",,,,,,,,,,0,1,1.4799999999999994e+02
"20070506163624-397141635.417938","{034D16D6-CC0E-49C6-968D-B1ACBCCED35A}",,,"08/08/05 00:00:00",,,,,,,,,,1108,1114,6.0000000000000000e+00
"20070506163624-402037799.358368","{23CC6674-CFCD-4C28-A43F-9DEE885AF11A}",,,"07/19/06 00:00:00",,,,,,,,,,1655,1705,5.0000000000000000e+01
"20070506163624-404970943.927765","{4F970299-ABA7-46B3-ABEA-FD7B4FB59339}",,,"04/27/06 00:00:00",,,,,,,,,,1207,1216,9.0000000000000000e+00
"20070506163624-407380640.506744","{034D16D6-CC0E-49C6-968D-B1ACBCCED35A}",,,"09/13/06 00:00:00",,,,,,,,,,1459,1504,4.5000000000000000e+01
"20070506163624-415713846.683502","{2593DA32-C1AF-4C62-B61F-30A426B30AF1}",,,"08/08/05 00:00:00",,,,,,,,,,1028,1037,9.0000000000000000e+00
"20070506163624-416300475.597382","{23CC6674-CFCD-4C28-A43F-9DEE885AF11A}",,,"06/23/04 00:00:00",,,,,,,,,,1510,1535,2.5000000000000000e+01
"20070506163624-417126953.601837","{4F970299-ABA7-46B3-ABEA-FD7B4FB59339}",,,"05/21/03 00:00:00",,,,,,,,,,0,0,6.0000000000000000e+01
"20070506163624-420733511.447906","{4F970299-ABA7-46B3-ABEA-FD7B4FB59339}",,,"07/26/05 00:00:00",,,,,,,,,,1642,1648,6.0000000000000000e+00
"20070506163624-421160638.332367","{67E9BD52-99A9-479D-B6A2-D898C0CB02E8}",,,"08/12/04 00:00:00",,,,,,,,,,1035,1050,1.5000000000000000e+01
"20070506163624-42226254.940033","{23CC6674-CFCD-4C28-A43F-9DEE885AF11A}",,,"08/15/05 00:00:00",,,,,,,,,,1446,1503,5.7000000000000000e+01
"20070506163624-423023998.737335","{23CC6674-CFCD-4C28-A43F-9DEE885AF11A}",,,"06/18/05 00:00:00",,,,,,,,,,1349,1410,6.1000000000000000e+01
"20070506163624-423368513.584137","{034D16D6-CC0E-49C6-968D-B1ACBCCED35A}",,,"05/24/06 00:00:00",,,,,,,,,,1203,1212,9.0000000000000000e+00
"20070506163624-423793256.282806","{67E9BD52-99A9-479D-B6A2-D898C0CB02E8}",,,"05/30/03 00:00:00",,,,,,,,,,0,1,1.4600000000000000e+02
"20070506163624-430627763.271332","{5610FCBB-E781-4CB0-82BD-1033499FF0CB}",,,"05/30/03 00:00:00",,,,,,,,,,1,1,4.7000000000000000e+01
"20070506163624-431542336.940765","{23CC6674-CFCD-4C28-A43F-9DEE885AF11A}",,,"08/08/03 00:00:00",,,,,,,,,,0,0,3.5000000000000000e+01
"20070506163624-432827174.663544","{7582E039-BB5F-4F5F-8CE2-49083924343D}",,,"09/17/03 00:00:00",,,,,,,,,,0,0,1.4599999999999997e+02
"20070506163624-437391221.523285","{23CC6674-CFCD-4C28-A43F-9DEE885AF11A}",,,"07/27/04 00:00:00",,,,,,,,,,835,850,1.5000000000000000e+01
"20070506163624-44474422.9316711","{67E9BD52-99A9-479D-B6A2-D898C0CB02E8}",,,"04/24/03 00:00:00",,,,,,,,,,,,
"20070506163624-446845114.23111","{034D16D6-CC0E-49C6-968D-B1ACBCCED35A}",,,"05/20/04 00:00:00",,,,,,,,,,1040,1053,1.3000000000000000e+01
"20070506163624-45578062.5343323","{4F970299-ABA7-46B3-ABEA-FD7B4FB59339}",,,"05/11/06 00:00:00",,,,,,,,,,1319,1328,9.0000000000000000e+00
"20070506163624-459575474.262238","{67E9BD52-99A9-479D-B6A2-D898C0CB02E8}",,,"07/14/06 00:00:00",,,,,,,,,,0,0,1.5000000000000000e+01
"20070506163624-461559355.258942","{67E9BD52-99A9-479D-B6A2-D898C0CB02E8}",,,"05/04/06 00:00:00",,,,,,,,,,1545,1603,5.8000000000000000e+01
"20070506163624-464253604.412079","{5610FCBB-E781-4CB0-82BD-1033499FF0CB}",,,"07/03/06 00:00:00",,,,,,,,,,1325,1354,2.9000000000000000e+01
"20070506163624-46756207.9429626","{2593DA32-C1AF-4C62-B61F-30A426B30AF1}",,,"09/21/04 00:00:00",,,,,,,,,,815,832,1.7000000000000000e+01
"20070506163624-469948709.011078","{67E9BD52-99A9-479D-B6A2-D898C0CB02E8}",,,"04/28/03 00:00:00",,,,,,,,,,0,,
"20070506163624-473719894.886017","{034D16D6-CC0E-49C6-968D-B1ACBCCED35A}",,,"05/12/03 00:00:00",,,,,,,,,,0,0,2.3000000000000000e+01
"20070506163624-477145135.402679","{5610FCBB-E781-4CB0-82BD-1033499FF0CB}",,,"08/21/06 00:00:00",,,,,,,,,,1330,1355,2.5000000000000000e+01
"20070506163624-48625409.6031189","{5610FCBB-E781-4CB0-82BD-1033499FF0CB}",,,"04/27/06 00:00:00",,,,,,,,,,925,1007,8.2000000000000000e+01
"20070506163624-490532696.247101","{67E9BD52-99A9-479D-B6A2-D898C0CB02E8}",,,"09/13/06 00:00:00",,,,,,,,,,1443,1450,7.0000000000000000e+00
"20070506163624-490728914.737701","{2593DA32-C1AF-4C62-B61F-30A426B30AF1}",,,"05/02/05 00:00:00",,,,,,,,,,1515,1524,9.0000000000000000e+00
"20070506163624-492797911.167145","{2593DA32-C1AF-4C62-B61F-30A426B30AF1}",,,"08/06/04 00:00:00",,,,,,,,,,1430,1450,2.0000000000000000e+01
"20070506163624-496446907.520294","{5610FCBB-E781-4CB0-82BD-1033499FF0CB}",,,"09/05/03 00:00:00",,,,,,,,,,1,1,7.9000000000000000e+01
"20070506163624-498516380.786896","{7582E039-BB5F-4F5F-8CE2-49083924343D}",,,"08/16/06 00:00:00",,,,,,,,,,1500,1508,8.0000000000000000e+00
"20070506163624-499702513.217926","{23CC6674-CFCD-4C28-A43F-9DEE885AF11A}",,,"08/18/03 00:00:00",,,,,,,,,,1,1,1.8000000000000000e+01
"20070506163624-500069081.783295","{4F970299-ABA7-46B3-ABEA-FD7B4FB59339}",,,"08/28/06 00:00:00",,,,,,,,,,1320,1325,5.0000000000000000e+00
"20070506163624-502492010.593414","{67E9BD52-99A9-479D-B6A2-D898C0CB02E8}",,,"05/20/04 00:00:00",,,,,,,,,,1020,1030,1.0000000000000000e+01
"20070506163624-50294578.0754089","{034D16D6-CC0E-49C6-968D-B1ACBCCED35A}",,,"07/27/04 00:00:00",,,,,,,,,,,,
"20070506163624-503143250.94223","{034D16D6-CC0E-49C6-968D-B1ACBCCED35A}",,,"09/16/03 00:00:00",,,,,,,,,,0,0,1.1000000000000000e+01
"20070506163624-505815804.004669","{7582E039-BB5F-4F5F-8CE2-49083924343D}",,,"08/12/04 00:00:00",,,,,,,,,,1620,1640,2.0000000000000000e+01
"20070506163624-506093204.021454","{23CC6674-CFCD-4C28-A43F-9DEE885AF11A}",,,"08/12/04 00:00:00",,,,,,,,,,1600,1615,1.5000000000000000e+01
"20070506163624-506153047.084808","{034D16D6-CC0E-49C6-968D-B1ACBCCED35A}",,,"08/02/06 00:00:00",,,,,,,,,,1610,1615,5.0000000000000000e+00
"20070506163624-507770359.516144","{5610FCBB-E781-4CB0-82BD-1033499FF0CB}",,,"05/23/03 00:00:00",,,,,,,,,,1,1,1.0300000000000000e+02
"20070506163624-512945473.194122","{23CC6674-CFCD-4C28-A43F-9DEE885AF11A}",,,"08/19/04 00:00:00",,,,,,,,,,1328,1338,1.0000000000000000e+01
"20070506163624-521678149.700165","{5610FCBB-E781-4CB0-82BD-1033499FF0CB}",,,"05/19/05 00:00:00",,,,,,,,,,1040,1103,6.3000000000000000e+01
"20070506163624-523980081.08139","{5610FCBB-E781-4CB0-82BD-1033499FF0CB}",,,"08/08/05 00:00:00",,,,,,,,,,848,949,1.0100000000000000e+02
"20070506163624-524598896.503448","{23CC6674-CFCD-4C28-A43F-9DEE885AF11A}",,,"05/10/06 00:00:00",,,,,,,,,,833,918,8.5000000000000000e+01
"20070506163624-52632272.2434998","{034D16D6-CC0E-49C6-968D-B1ACBCCED35A}",,,"08/12/04 00:00:00",,,,,,,,,,1130,1140,1.0000000000000000e+01
"20070506163624-539837062.358856","{034D16D6-CC0E-49C6-968D-B1ACBCCED35A}",,,"09/21/04 00:00:00",,,,,,,,,,756,805,4.9000000000000000e+01
"20070506163624-543867528.438568","{2593DA32-C1AF-4C62-B61F-30A426B30AF1}",,,"05/26/04 00:00:00",,,,,,,,,,1456,1512,5.6000000000000000e+01
"20070506163624-545676171.779633","{4F970299-ABA7-46B3-ABEA-FD7B4FB59339}",,,"08/19/04 00:00:00",,,,,,,,,,1510,1520,1.0000000000000000e+01
"20070506163624-546340644.359589","{23CC6674-CFCD-4C28-A43F-9DEE885AF11A}",,,"05/19/05 00:00:00",,,,,,,,,,1457,1506,4.9000000000000000e+01
"20070506163624-548674881.458282","{5610FCBB-E781-4CB0-82BD-1033499FF0CB}",,"1","08/03/04 00:00:00",,,,,,,,,,1421,1508,8.7000000000000000e+01
"20070506163624-551136434.078217","{4F970299-ABA7-46B3-ABEA-FD7B4FB59339}",,,"07/19/04 00:00:00",,,,,,,,,,1040,1058,1.8000000000000000e+01
"20070506163624-56265056.1332703","{034D16D6-CC0E-49C6-968D-B1ACBCCED35A}",,,"06/01/06 00:00:00",,,,,,,,,,1451,1500,4.9000000000000000e+01
"20070506163624-564603269.100189","{034D16D6-CC0E-49C6-968D-B1ACBCCED35A}",,,"05/21/03 00:00:00",,,,,,,,,,0,0,1.6000000000000000e+01
"20070506163624-56527674.1981506","{2593DA32-C1AF-4C62-B61F-30A426B30AF1}",,,"06/07/04 00:00:00",,,,,,,,,,1432,1442,1.0000000000000000e+01
"20070506163624-566159784.793854","{2593DA32-C1AF-4C62-B61F-30A426B30AF1}",,,"08/21/06 00:00:00",,,,,,,,,,1444,1448,4.0000000000000000e+00
"20070506163624-570853412.151337","{2593DA32-C1AF-4C62-B61F-30A426B30AF1}",,,"07/25/06 00:00:00",,,,,,,,,,1508,1513,5.0000000000000000e+00
"20070506163624-572497904.30069","{4F970299-ABA7-46B3-ABEA-FD7B4FB59339}",,,"09/06/06 00:00:00",,,,,,,,,,1230,1232,2.0000000000000000e+00
"20070506163624-573792397.975922","{4F970299-ABA7-46B3-ABEA-FD7B4FB59339}",,,"05/04/06 00:00:00",,,,,,,,,,1623,1628,5.0000000000000000e+00
"20070506163624-575348556.041718","{7582E039-BB5F-4F5F-8CE2-49083924343D}",,,"08/22/05 00:00:00",,,,,,,,,,1534,1540,6.0000000000000000e+00
"20070506163624-579042971.134186","{4F970299-ABA7-46B3-ABEA-FD7B4FB59339}",,,"08/20/03 00:00:00",,,,,,,,,,0,0,2.3000000000000000e+01
"20070506163624-584239065.647125","{5610FCBB-E781-4CB0-82BD-1033499FF0CB}",,,"05/11/05 00:00:00",,,,,,,,,,1230,1310,8.0000000000000000e+01
"20070506163624-586100161.075592","{034D16D6-CC0E-49C6-968D-B1ACBCCED35A}",,,"06/18/05 00:00:00",,,,,,,,,,1442,1446,4.0000000000000000e+00
"20070506163624-586803734.302521","{5610FCBB-E781-4CB0-82BD-1033499FF0CB}",,,"06/06/05 00:00:00",,,,,,,,,,1200,1230,3.0000000000000000e+01
"20070506163624-58849036.693573","{034D16D6-CC0E-49C6-968D-B1ACBCCED35A}",,,"04/27/06 00:00:00",,,,,,,,,,1154,1204,5.0000000000000000e+01
"20070506163624-589555323.123932","{7582E039-BB5F-4F5F-8CE2-49083924343D}",,,"09/06/06 00:00:00",,,,,,,,,,1500,1511,1.1000000000000000e+01
"20070506163624-59037029.7431946","{034D16D6-CC0E-49C6-968D-B1ACBCCED35A}",,,"05/04/06 00:00:00",,,,,,,,,,1612,1619,7.0000000000000000e+00
"20070506163624-59677302.8373718","{23CC6674-CFCD-4C28-A43F-9DEE885AF11A}",,,"09/17/03 00:00:00",,,,,,,,,,0,0,2.2000000000000000e+01
"20070506163624-598088562.488556","{5610FCBB-E781-4CB0-82BD-1033499FF0CB}",,,"04/29/03 00:00:00",,,,,,,,,,1,1,7.5000000000000000e+01
"20070506163624-604322969.913483","{23CC6674-CFCD-4C28-A43F-9DEE885AF11A}",,,"06/03/04 00:00:00",,,,,,,,,,1525,1550,2.5000000000000000e+01
"20070506163624-606745779.514313","{034D16D6-CC0E-49C6-968D-B1ACBCCED35A}",,,"08/14/06 00:00:00",,,,,,,,,,1535,1540,5.0000000000000000e+00
"20070506163624-606778442.85965","{67E9BD52-99A9-479D-B6A2-D898C0CB02E8}",,,"05/24/06 00:00:00",,,,,,,,,,1145,1157,1.2000000000000000e+01
"20070506163624-608953058.719635","{5610FCBB-E781-4CB0-82BD-1033499FF0CB}",,,"08/28/06 00:00:00",,,,,,,,,,1352,1420,6.8000000000000000e+01
"20070506163624-612656652.927399","{7582E039-BB5F-4F5F-8CE2-49083924343D}",,,"07/27/04 00:00:00",,,,,,,,,,810,830,2.0000000000000000e+01
"20070506163624-614014446.735382","{7582E039-BB5F-4F5F-8CE2-49083924343D}",,,"05/04/05 00:00:00",,,,,,,,,,730,805,7.5000000000000000e+01
"20070506163624-617934167.385101","{5610FCBB-E781-4CB0-82BD-1033499FF0CB}",,"1","06/23/04 00:00:00",,,,,,,,,,932,1015,8.3000000000000000e+01
"20070506163624-625053346.157074","{23CC6674-CFCD-4C28-A43F-9DEE885AF11A}",,,"07/06/06 00:00:00",,,,,,,,,,1440,1500,6.0000000000000000e+01
"20070506163624-626110017.299652","{4F970299-ABA7-46B3-ABEA-FD7B4FB59339}",,,"07/21/05 00:00:00",,,,,,,,,,1102,1107,5.0000000000000000e+00
"20070506163624-629923999.30954","{7582E039-BB5F-4F5F-8CE2-49083924343D}",,,"07/14/06 00:00:00",,,,,,,,,,1,1,4.9999999999999822e+00
"20070506163624-63209354.8774719","{23CC6674-CFCD-4C28-A43F-9DEE885AF11A}",,,"07/19/04 00:00:00",,,,,,,,,,1355,1422,6.7000000000000000e+01
"20070506163624-634036839.008331","{034D16D6-CC0E-49C6-968D-B1ACBCCED35A}",,,"07/21/05 00:00:00",,,,,,,,,,1056,1059,3.0000000000000000e+00
"20070506163624-641124308.109283","{23CC6674-CFCD-4C28-A43F-9DEE885AF11A}",,,"05/04/05 00:00:00",,,,,,,,,,820,857,3.7000000000000000e+01
"20070506163624-649291574.954987","{4F970299-ABA7-46B3-ABEA-FD7B4FB59339}",,,"07/27/04 00:00:00",,,,,,,,,,915,925,1.0000000000000000e+01
"20070506163624-650928318.500519","{7582E039-BB5F-4F5F-8CE2-49083924343D}",,,"06/30/04 00:00:00",,,,,,,,,,826,845,1.9000000000000000e+01
"20070506163624-65158545.9709167","{4F970299-ABA7-46B3-ABEA-FD7B4FB59339}",,,"08/03/04 00:00:00",,,,,,,,,,1330,1345,1.5000000000000000e+01
"20070506163624-652726471.424103","{2593DA32-C1AF-4C62-B61F-30A426B30AF1}",,,"08/18/04 00:00:00",,,,,,,,,,1057,1114,5.7000000000000000e+01
"20070506163624-656048476.696014","{2593DA32-C1AF-4C62-B61F-30A426B30AF1}",,,"06/19/06 00:00:00",,,,,,,,,,1430,1435,5.0000000000000000e+00
"20070506163624-656634151.935577","{2593DA32-C1AF-4C62-B61F-30A426B30AF1}",,,"07/19/04 00:00:00",,,,,,,,,,1303,1321,1.8000000000000000e+01
"20070506163624-65828979.0153503","{2593DA32-C1AF-4C62-B61F-30A426B30AF1}",,,"05/19/05 00:00:00",,,,,,,,,,1145,1210,6.5000000000000000e+01
"20070506163624-660743296.146393","{034D16D6-CC0E-49C6-968D-B1ACBCCED35A}",,,"08/22/05 00:00:00",,,,,,,,,,1214,1220,6.0000000000000000e+00
"20070506163624-664115488.529205","{5610FCBB-E781-4CB0-82BD-1033499FF0CB}",,"1","05/20/04 00:00:00",,,,,,,,,,812,858,4.6000000000000000e+01
"20070506163624-669069707.393646","{2593DA32-C1AF-4C62-B61F-30A426B30AF1}",,,"08/14/06 00:00:00",,,,,,,,,,1454,1508,5.4000000000000000e+01
"20070506163624-672134578.227997","{5610FCBB-E781-4CB0-82BD-1033499FF0CB}",,,"08/15/05 00:00:00",,,,,,,,,,1227,1316,8.9000000000000000e+01
"20070506163624-673322737.216949","{5610FCBB-E781-4CB0-82BD-1033499FF0CB}",,"1","07/19/04 00:00:00",,,,,,,,,,1135,1228,9.3000000000000000e+01
"20070506163624-68551480.7701111","{4F970299-ABA7-46B3-ABEA-FD7B4FB59339}",,,"05/19/05 00:00:00",,,,,,,,,,1237,1251,1.4000000000000000e+01
"20070506163624-686908066.272736","{5610FCBB-E781-4CB0-82BD-1033499FF0CB}",,,"09/20/06 00:00:00",,,,,,,,,,1125,1220,9.5000000000000000e+01
"20070506163624-688683092.594147","{67E9BD52-99A9-479D-B6A2-D898C0CB02E8}",,,"05/19/05 00:00:00",,,,,,,,,,1215,1226,1.1000000000000000e+01
"20070506163624-692628085.613251","{5610FCBB-E781-4CB0-82BD-1033499FF0CB}",,,"08/20/03 00:00:00",,,,,,,,,,1,1,1.3000000000000000e+02
"20070506163624-692864716.053009","{5610FCBB-E781-4CB0-82BD-1033499FF0CB}",,,"08/22/05 00:00:00",,,,,,,,,,910,1015,1.0500000000000000e+02
"20070506163624-700891911.98349","{67E9BD52-99A9-479D-B6A2-D898C0CB02E8}",,,"08/08/05 00:00:00",,,,,,,,,,1047,1055,8.0000000000000000e+00
"20070506163624-702290117.740631","{7582E039-BB5F-4F5F-8CE2-49083924343D}",,,"08/15/05 00:00:00",,,,,,,,,,1519,1522,3.0000000000000000e+00
"20070506163624-70524156.0935974","{67E9BD52-99A9-479D-B6A2-D898C0CB02E8}",,,"09/16/03 00:00:00",,,,,,,,,,0,0,6.1000000000000000e+01
"20070506163624-706826269.626617","{67E9BD52-99A9-479D-B6A2-D898C0CB02E8}",,,"07/25/06 00:00:00",,,,,,,,,,1526,1538,1.2000000000000000e+01
"20070506163624-70730865.0016785","{5610FCBB-E781-4CB0-82BD-1033499FF0CB}",,,"05/14/03 00:00:00",,,,,,,,,,0,1,1.3100000000000000e+02
"20070506163624-716126143.932343","{5610FCBB-E781-4CB0-82BD-1033499FF0CB}",,"1","09/02/04 00:00:00",,,,,,,,,,944,1025,8.1000000000000000e+01
"20070506163624-719209611.415863","{4F970299-ABA7-46B3-ABEA-FD7B4FB59339}",,,"05/20/04 00:00:00",,,,,,,,,,1108,1115,7.0000000000000000e+00
"20070506163624-719282090.66391","{5610FCBB-E781-4CB0-82BD-1033499FF0CB}",,,"05/28/06 00:00:00",,,,,,,,,,1107,1149,4.2000000000000000e+01
"20070506163624-720325529.575348","{2593DA32-C1AF-4C62-B61F-30A426B30AF1}",,,"09/20/06 00:00:00",,,,,,,,,,1457,1502,4.5000000000000000e+01
"20070506163624-724007785.320282","{4F970299-ABA7-46B3-ABEA-FD7B4FB59339}",,,"06/08/04 00:00:00",,,,,,,,,,1315,1322,7.0000000000000000e+00
"20070506163624-729455649.852753","{23CC6674-CFCD-4C28-A43F-9DEE885AF11A}",,,"09/06/06 00:00:00",,,,,,,,,,1440,1449,9.0000000000000000e+00
"20070506163624-733093440.532684","{67E9BD52-99A9-479D-B6A2-D898C0CB02E8}",,,"05/13/03 00:00:00",,,,,,,,,,0,0,1.2100000000000000e+02
"20070506163624-733778655.529022","{67E9BD52-99A9-479D-B6A2-D898C0CB02E8}",,,"07/05/06 00:00:00",,,,,,,,,,1410,1415,5.0000000000000000e+00
"20070506163624-738123714.923859","{23CC6674-CFCD-4C28-A43F-9DEE885AF11A}",,,"05/08/03 00:00:00",,,,,,,,,,1,1,3.6000000000000000e+01
"20070506163624-73816478.2524109","{5610FCBB-E781-4CB0-82BD-1033499FF0CB}",,,"09/13/06 00:00:00",,,,,,,,,,1300,1347,4.7000000000000000e+01
"20070506163624-741991221.904755","{2593DA32-C1AF-4C62-B61F-30A426B30AF1}",,,"05/04/06 00:00:00",,,,,,,,,,1527,1544,1.7000000000000000e+01
"20070506163624-750104129.314423","{2593DA32-C1AF-4C62-B61F-30A426B30AF1}",,,"07/21/05 00:00:00",,,,,,,,,,1024,1038,1.4000000000000000e+01
"20070506163624-75741708.278656","{67E9BD52-99A9-479D-B6A2-D898C0CB02E8}",,,"04/27/06 00:00:00",,,,,,,,,,1136,1151,1.5000000000000000e+01
"20070506163624-767865717.411041","{034D16D6-CC0E-49C6-968D-B1ACBCCED35A}",,,"07/19/04 00:00:00",,,,,,,,,,1345,1348,3.0000000000000000e+00
"20070506163624-768974125.385284","{67E9BD52-99A9-479D-B6A2-D898C0CB02E8}",,,"09/05/03 00:00:00",,,,,,,,,,0,1,7.7000000000000000e+01
"20070506163624-769877493.3815","{7582E039-BB5F-4F5F-8CE2-49083924343D}",,,"07/06/06 00:00:00",,,,,,,,,,1400,1410,1.0000000000000000e+01
"20070506163624-771041810.512543","{2593DA32-C1AF-4C62-B61F-30A426B30AF1}",,,"07/14/06 00:00:00",,,,,,,,,,0,0,2.2000000000000000e+01
"20070506163624-774027764.797211","{034D16D6-CC0E-49C6-968D-B1ACBCCED35A}",,,"04/24/03 00:00:00",,,,,,,,,,,,
"20070506163624-777559459.209442","{034D16D6-CC0E-49C6-968D-B1ACBCCED35A}",,,"05/08/03 00:00:00",,,,,,,,,,0,0,2.6000000000000000e+01
"20070506163624-777957856.655121","{5610FCBB-E781-4CB0-82BD-1033499FF0CB}",,,"05/02/05 00:00:00",,,,,,,,,,1200,1221,2.1000000000000000e+01
"20070506163624-780381619.930267","{034D16D6-CC0E-49C6-968D-B1ACBCCED35A}",,,"07/05/06 00:00:00",,,,,,,,,,1430,1434,4.0000000000000000e+00
"20070506163624-780459702.014923","{67E9BD52-99A9-479D-B6A2-D898C0CB02E8}",,,"09/21/04 00:00:00",,,,,,,,,,1000,1012,1.2000000000000000e+01
"20070506163624-783429086.208344","{4F970299-ABA7-46B3-ABEA-FD7B4FB59339}",,,"04/28/03 00:00:00",,,,,,,,,,0,0,0.0000000000000000e+00
"20070506163624-788480937.480927","{2593DA32-C1AF-4C62-B61F-30A426B30AF1}",,,"04/29/03 00:00:00",,,,,,,,,,0,1,1.6500000000000000e+02
"20070506163624-790226399.898529","{67E9BD52-99A9-479D-B6A2-D898C0CB02E8}",,,"08/21/06 00:00:00",,,,,,,,,,1504,1510,6.0000000000000000e+00
"20070506163624-793247520.923615","{2593DA32-C1AF-4C62-B61F-30A426B30AF1}",,,"05/18/04 00:00:00",,,,,,,,,,1103,1206,1.0300000000000000e+02
"20070506163624-800465285.778046","{23CC6674-CFCD-4C28-A43F-9DEE885AF11A}",,,"04/27/06 00:00:00",,,,,,,,,,1456,1517,6.1000000000000000e+01
"20070506163624-804763615.131378","{4F970299-ABA7-46B3-ABEA-FD7B4FB59339}",,,"07/19/06 00:00:00",,,,,,,,,,1542,1545,3.0000000000000000e+00
"20070506163624-805818855.762482","{034D16D6-CC0E-49C6-968D-B1ACBCCED35A}",,,"08/11/05 00:00:00",,,,,,,,,,1344,1347,3.0000000000000000e+00
"20070506163624-812539756.298065","{67E9BD52-99A9-479D-B6A2-D898C0CB02E8}",,,"08/15/05 00:00:00",,,,,,,,,,1408,1411,3.0000000000000000e+00
"20070506163624-819328010.082245","{4F970299-ABA7-46B3-ABEA-FD7B4FB59339}",,,"09/13/06 00:00:00",,,,,,,,,,1508,1517,9.0000000000000000e+00
"20070506163624-823433578.014374","{4F970299-ABA7-46B3-ABEA-FD7B4FB59339}",,,"06/18/05 00:00:00",,,,,,,,,,1450,1454,4.0000000000000000e+00
"20070506163624-824130237.102509","{2593DA32-C1AF-4C62-B61F-30A426B30AF1}",,,"09/16/03 00:00:00",,,,,,,,,,0,1,8.7000000000000000e+01
"20070506163624-824579894.542694","{67E9BD52-99A9-479D-B6A2-D898C0CB02E8}",,,"08/20/03 00:00:00",,,,,,,,,,0,0,4.5000000000000000e+01
"20070506163624-830683290.958405","{5610FCBB-E781-4CB0-82BD-1033499FF0CB}",,,"05/13/03 00:00:00",,,,,,,,,,1,,-9.9100000000000000e+02
"20070506163624-840702831.745148","{67E9BD52-99A9-479D-B6A2-D898C0CB02E8}",,,"08/06/04 00:00:00",,,,,,,,,,1520,1535,1.5000000000000000e+01
"20070506163624-840760648.25058","{5610FCBB-E781-4CB0-82BD-1033499FF0CB}",,"1","08/12/04 00:00:00",,,,,,,,,,900,930,3.0000000000000000e+01
"20070506163624-844490587.711334","{23CC6674-CFCD-4C28-A43F-9DEE885AF11A}",,,"08/22/05 00:00:00",,,,,,,,,,1458,1520,6.2000000000000000e+01
"20070506163624-850022971.630096","{7582E039-BB5F-4F5F-8CE2-49083924343D}",,,"05/08/03 00:00:00",,,,,,,,,,0,1,1.4700000000000006e+02
"20070506163624-852757394.313812","{2593DA32-C1AF-4C62-B61F-30A426B30AF1}",,,"09/13/06 00:00:00",,,,,,,,,,1429,1435,6.0000000000000000e+00
"20070506163624-853130757.808685","{5610FCBB-E781-4CB0-82BD-1033499FF0CB}",,,"09/16/03 00:00:00",,,,,,,,,,1,1,5.6000000000000000e+01
"20070506163624-856248795.986176","{67E9BD52-99A9-479D-B6A2-D898C0CB02E8}",,,"07/19/06 00:00:00",,,,,,,,,,1503,1527,2.4000000000000000e+01
"20070506163624-861620366.573334","{034D16D6-CC0E-49C6-968D-B1ACBCCED35A}",,,"06/23/04 00:00:00",,,,,,,,,,1318,1328,1.0000000000000000e+01
"20070506163624-865830957.889557","{5610FCBB-E781-4CB0-82BD-1033499FF0CB}",,,"07/21/05 00:00:00",,,,,,,,,,910,944,3.4000000000000000e+01
"20070506163624-868065297.603607","{2593DA32-C1AF-4C62-B61F-30A426B30AF1}",,,"08/01/05 00:00:00",,,,,,,,,,1558,1603,4.5000000000000000e+01
"20070506163624-86934626.1024475","{67E9BD52-99A9-479D-B6A2-D898C0CB02E8}",,,"08/11/05 00:00:00",,,,,,,,,,1327,1335,8.0000000000000000e+00
"20070506163624-870190680.027008","{4F970299-ABA7-46B3-ABEA-FD7B4FB59339}",,,"08/02/06 00:00:00",,,,,,,,,,1619,1623,4.0000000000000000e+00
"20070506163624-870448768.138886","{5610FCBB-E781-4CB0-82BD-1033499FF0CB}",,"1","05/25/04 00:00:00",,,,,,,,,,1535,1609,7.4000000000000000e+01
"20070506163624-87103068.8285828","{5610FCBB-E781-4CB0-82BD-1033499FF0CB}",,"1","07/27/04 00:00:00",,,,,,,,,,1344,1420,7.6000000000000000e+01
"20070506163624-871359527.111053","{7582E039-BB5F-4F5F-8CE2-49083924343D}",,,"06/15/04 00:00:00",,,,,,,,,,1201,1234,3.3000000000000000e+01
"20070506163624-872563421.726227","{5610FCBB-E781-4CB0-82BD-1033499FF0CB}",,,"06/19/06 00:00:00",,,,,,,,,,1301,1338,3.7000000000000000e+01
"20070506163624-875327527.523041","{5610FCBB-E781-4CB0-82BD-1033499FF0CB}",,,"05/06/03 00:00:00",,,,,,,,,,1,1,9.2000000000000000e+01
"20070506163624-878253161.907196","{4F970299-ABA7-46B3-ABEA-FD7B4FB59339}",,,"08/03/05 00:00:00",,,,,,,,,,1454,1458,4.0000000000000000e+00
"20070506163624-879768669.605255","{034D16D6-CC0E-49C6-968D-B1ACBCCED35A}",,,"06/08/04 00:00:00",,,,,,,,,,1300,1310,1.0000000000000000e+01
"20070506163624-88232696.056366","{034D16D6-CC0E-49C6-968D-B1ACBCCED35A}",,,"06/28/05 00:00:00",,,,,,,,,,1339,1345,6.0000000000000000e+00
"20070506163624-885139405.727386","{67E9BD52-99A9-479D-B6A2-D898C0CB02E8}",,,"06/28/05 00:00:00",,,,,,,,,,1319,1326,7.0000000000000000e+00
"20070506163624-890102326.869965","{2593DA32-C1AF-4C62-B61F-30A426B30AF1}",,,"08/20/03 00:00:00",,,,,,,,,,0,1,7.7000000000000000e+01
"20070506163624-890142858.028412","{034D16D6-CC0E-49C6-968D-B1ACBCCED35A}",,,"09/06/06 00:00:00",,,,,,,,,,1226,1229,3.0000000000000000e+00
"20070506163624-890455424.785614","{4F970299-ABA7-46B3-ABEA-FD7B4FB59339}",,,"09/21/04 00:00:00",,,,,,,,,,740,753,1.3000000000000000e+01
"20070506163624-892949998.378754","{2593DA32-C1AF-4C62-B61F-30A426B30AF1}",,,"06/18/05 00:00:00",,,,,,,,,,1122,1131,9.0000000000000000e+00
"20070506163624-893822371.959686","{2593DA32-C1AF-4C62-B61F-30A426B30AF1}",,,"05/30/03 00:00:00",,,,,,,,,,1,1,2.2000000000000000e+01
"20070506163624-894253432.750702","{034D16D6-CC0E-49C6-968D-B1ACBCCED35A}",,,"08/20/03 00:00:00",,,,,,,,,,0,0,8.0000000000000000e+00
"20070506163624-895535290.241241","{4F970299-ABA7-46B3-ABEA-FD7B4FB59339}",,,"09/20/06 00:00:00",,,,,,,,,,1535,1538,3.0000000000000000e+00
"20070506163624-899100720.882416","{7582E039-BB5F-4F5F-8CE2-49083924343D}",,,"05/25/04 00:00:00",,,,,,,,,,804,844,4.0000000000000000e+01
"20070506163624-901840507.984161","{67E9BD52-99A9-479D-B6A2-D898C0CB02E8}",,,"08/03/05 00:00:00",,,,,,,,,,1428,1438,1.0000000000000000e+01
"20070506163624-903875172.138214","{2593DA32-C1AF-4C62-B61F-30A426B30AF1}",,,"08/05/03 00:00:00",,,,,,,,,,1,1,9.3000000000000000e+01
"20070506163624-905767500.400543","{2593DA32-C1AF-4C62-B61F-30A426B30AF1}",,,"04/24/03 00:00:00",,,,,,,,,,,,
"20070506163624-912471950.054169","{5610FCBB-E781-4CB0-82BD-1033499FF0CB}",,,"04/24/03 00:00:00",,,,,,,,,,,,
"20070506163624-912946999.073029","{4F970299-ABA7-46B3-ABEA-FD7B4FB59339}",,,"08/21/06 00:00:00",,,,,,,,,,1536,1545,9.0000000000000000e+00
"20070506163624-914102613.925934","{034D16D6-CC0E-49C6-968D-B1ACBCCED35A}",,,"04/28/03 00:00:00",,,,,,,,,,0,0,0.0000000000000000e+00
"20070506163624-918389856.815338","{4F970299-ABA7-46B3-ABEA-FD7B4FB59339}",,,"08/15/05 00:00:00",,,,,,,,,,1425,1430,5.0000000000000000e+00
"20070506163624-942223608.493805","{4F970299-ABA7-46B3-ABEA-FD7B4FB59339}",,,"05/24/04 00:00:00",,,,,,,,,,1552,1605,5.3000000000000000e+01
"20070506163624-942988574.504852","{034D16D6-CC0E-49C6-968D-B1ACBCCED35A}",,,"08/21/06 00:00:00",,,,,,,,,,1527,1533,6.0000000000000000e+00
"20070506163624-952460110.187531","{2593DA32-C1AF-4C62-B61F-30A426B30AF1}",,,"09/06/06 00:00:00",,,,,,,,,,1155,1203,4.8000000000000000e+01
"20070506163624-953128993.5112","{4F970299-ABA7-46B3-ABEA-FD7B4FB59339}",,,"05/12/03 00:00:00",,,,,,,,,,0,0,5.2000000000000000e+01
"20070506163624-955840885.639191","{2593DA32-C1AF-4C62-B61F-30A426B30AF1}",,,"06/06/05 00:00:00",,,,,,,,,,1443,1509,6.6000000000000000e+01
"20070506163624-959699332.714081","{4F970299-ABA7-46B3-ABEA-FD7B4FB59339}",,,"08/22/05 00:00:00",,,,,,,,,,1223,1230,7.0000000000000000e+00
"20070506163624-964230120.182037","{4F970299-ABA7-46B3-ABEA-FD7B4FB59339}",,,"06/06/05 00:00:00",,,,,,,,,,1555,,-1.5550000000000000e+03
"20070506163624-965886533.260345","{67E9BD52-99A9-479D-B6A2-D898C0CB02E8}",,,"05/02/05 00:00:00",,,,,,,,,,1537,1552,1.5000000000000000e+01
"20070506163624-966691792.011261","{67E9BD52-99A9-479D-B6A2-D898C0CB02E8}",,,"06/18/05 00:00:00",,,,,,,,,,1148,1156,8.0000000000000000e+00
"20070506163624-969412267.208099","{7582E039-BB5F-4F5F-8CE2-49083924343D}",,,"08/28/06 00:00:00",,,,,,,,,,1425,1440,1.5000000000000000e+01
"20070506163624-976013720.035553","{2593DA32-C1AF-4C62-B61F-30A426B30AF1}",,,"06/01/06 00:00:00",,,,,,,,,,1410,1430,2.0000000000000000e+01
"20070506163624-976572215.557098","{67E9BD52-99A9-479D-B6A2-D898C0CB02E8}",,,"09/02/04 00:00:00",,,,,,,,,,1420,1435,1.5000000000000000e+01
"20070506163624-982142031.19278","{7582E039-BB5F-4F5F-8CE2-49083924343D}",,,"06/03/04 00:00:00",,,,,,,,,,1428,1505,7.7000000000000000e+01
"20070506163624-984189689.159393","{2593DA32-C1AF-4C62-B61F-30A426B30AF1}",,,"06/23/04 00:00:00",,,,,,,,,,1118,1148,3.0000000000000000e+01
"20070506163624-987949430.942535","{034D16D6-CC0E-49C6-968D-B1ACBCCED35A}",,,"09/02/04 00:00:00",,,,,,,,,,1410,1415,5.0000000000000000e+00
"20070506163624-990735828.876495","{7582E039-BB5F-4F5F-8CE2-49083924343D}",,,"04/27/06 00:00:00",,,,,,,,,,1432,1441,9.0000000000000000e+00
"20070506163624-993945777.416229","{67E9BD52-99A9-479D-B6A2-D898C0CB02E8}",,,"09/06/06 00:00:00",,,,,,,,,,1212,1217,5.0000000000000000e+00
"20070506163624-995422780.513763","{5610FCBB-E781-4CB0-82BD-1033499FF0CB}",,"1","07/17/06 00:00:00",,,,,,,,,,,,
"20070506163624-998484313.488007","{5610FCBB-E781-4CB0-82BD-1033499FF0CB}",,,"05/11/06 00:00:00",,,,,,,,,,931,1048,1.1700000000000000e+02
"20070506175749-14017641.544342","{16CD6221-4471-4665-9A5B-504C8948E34A}",,,"05/06/03 00:00:00",,,,,,,,,,1,1,9.9000000000000000e+01
"20070506175816-100052237.510681","{16CD6221-4471-4665-9A5B-504C8948E34A}",,,"09/21/04 00:00:00",,,,,,,,,,830,845,1.5000000000000000e+01
"20070506175816-15703916.5496826","{16CD6221-4471-4665-9A5B-504C8948E34A}",,,"09/02/04 00:00:00",,,,,,,,,,1205,1220,1.5000000000000000e+01
"20070506175816-160441517.829895","{16CD6221-4471-4665-9A5B-504C8948E34A}",,,"07/21/05 00:00:00",,,,,,,,,,1015,1027,1.2000000000000000e+01
"20070506175816-207561135.292053","{16CD6221-4471-4665-9A5B-504C8948E34A}",,,"08/11/05 00:00:00",,,,,,,,,,1210,1226,1.6000000000000000e+01
"20070506175816-226866006.851196","{16CD6221-4471-4665-9A5B-504C8948E34A}",,,"07/19/04 00:00:00",,,,,,,,,,1252,1300,4.8000000000000000e+01
"20070506175816-261368274.688721","{16CD6221-4471-4665-9A5B-504C8948E34A}",,,"04/27/06 00:00:00",,,,,,,,,,1030,1105,7.5000000000000000e+01
"20070506175816-279342055.32074","{16CD6221-4471-4665-9A5B-504C8948E34A}",,,"05/24/04 00:00:00",,,,,,,,,,1451,1502,5.1000000000000000e+01
"20070506175816-298165440.559387","{16CD6221-4471-4665-9A5B-504C8948E34A}",,,"09/16/03 00:00:00",,,,,,,,,,1,1,2.1000000000000000e+01
"20070506175816-326206207.275391","{16CD6221-4471-4665-9A5B-504C8948E34A}",,,"08/08/05 00:00:00",,,,,,,,,,1004,1023,1.9000000000000000e+01
"20070506175816-364018678.665161","{16CD6221-4471-4665-9A5B-504C8948E34A}",,,"08/05/03 00:00:00",,,,,,,,,,1,1,3.4000000000000000e+01
"20070506175816-378902554.512024","{16CD6221-4471-4665-9A5B-504C8948E34A}",,,"05/04/06 00:00:00",,,,,,,,,,1500,1520,2.0000000000000000e+01
"20070506175816-382010698.318481","{16CD6221-4471-4665-9A5B-504C8948E34A}",,,"06/06/05 00:00:00",,,,,,,,,,1400,1415,1.5000000000000000e+01
"20070506175816-390291452.407837","{16CD6221-4471-4665-9A5B-504C8948E34A}",,,"09/06/06 00:00:00",,,,,,,,,,1128,1149,2.1000000000000000e+01
"20070506175816-401374340.057373","{16CD6221-4471-4665-9A5B-504C8948E34A}",,,"06/27/05 00:00:00",,,,,,,,,,1241,1256,1.5000000000000000e+01
"20070506175816-404834151.268005","{16CD6221-4471-4665-9A5B-504C8948E34A}",,,"08/14/06 00:00:00",,,,,,,,,,1430,1445,1.5000000000000000e+01
"20070506175816-412766814.231873","{16CD6221-4471-4665-9A5B-504C8948E34A}",,,"08/01/05 00:00:00",,,,,,,,,,1539,1553,1.4000000000000000e+01
"20070506175816-430261135.101318","{16CD6221-4471-4665-9A5B-504C8948E34A}",,,"07/19/06 00:00:00",,,,,,,,,,1431,1446,1.5000000000000000e+01
"20070506175816-45649170.8755493","{16CD6221-4471-4665-9A5B-504C8948E34A}",,,"05/19/05 00:00:00",,,,,,,,,,1120,,-1.1200000000000000e+03
"20070506175816-457971453.666687","{16CD6221-4471-4665-9A5B-504C8948E34A}",,,"08/22/05 00:00:00",,,,,,,,,,1120,1131,1.1000000000000000e+01
"20070506175816-462980031.967163","{16CD6221-4471-4665-9A5B-504C8948E34A}",,,"08/02/06 00:00:00",,,,,,,,,,1512,1525,1.3000000000000000e+01
"20070506175816-474459171.295166","{16CD6221-4471-4665-9A5B-504C8948E34A}",,,"09/20/06 00:00:00",,,,,,,,,,1423,1450,2.7000000000000000e+01
"20070506175816-489894747.73407","{16CD6221-4471-4665-9A5B-504C8948E34A}",,,"09/13/06 00:00:00",,,,,,,,,,1406,1423,1.7000000000000000e+01
"20070506175816-502453923.225403","{16CD6221-4471-4665-9A5B-504C8948E34A}",,,"07/25/06 00:00:00",,,,,,,,,,1433,1454,2.1000000000000000e+01
"20070506175816-533873081.207275","{16CD6221-4471-4665-9A5B-504C8948E34A}",,,"08/12/04 00:00:00",,,,,,,,,,950,1010,6.0000000000000000e+01
"20070506175816-543360590.934753","{16CD6221-4471-4665-9A5B-504C8948E34A}",,,"07/14/06 00:00:00",,,,,,,,,,0,0,1.5000000000000000e+01
"20070506175816-55593490.6005859","{16CD6221-4471-4665-9A5B-504C8948E34A}",,,"08/21/06 00:00:00",,,,,,,,,,1412,1437,2.5000000000000000e+01
"20070506175816-56236863.1362915","{16CD6221-4471-4665-9A5B-504C8948E34A}",,,"05/30/03 00:00:00",,,,,,,,,,1,1,3.2000000000000000e+01
"20070506175816-583359003.067017","{16CD6221-4471-4665-9A5B-504C8948E34A}",,,"08/15/05 00:00:00",,,,,,,,,,1333,1346,1.3000000000000000e+01
"20070506175816-592458248.138428","{16CD6221-4471-4665-9A5B-504C8948E34A}",,,"09/05/03 00:00:00",,,,,,,,,,1,1,2.3000000000000000e+01
"20070506175816-627642035.484314","{16CD6221-4471-4665-9A5B-504C8948E34A}",,,"05/24/06 00:00:00",,,,,,,,,,1049,1115,6.6000000000000000e+01
"20070506175816-646587133.407593","{16CD6221-4471-4665-9A5B-504C8948E34A}",,,"07/26/05 00:00:00",,,,,,,,,,1530,1545,1.5000000000000000e+01
"20070506175816-647821187.973022","{16CD6221-4471-4665-9A5B-504C8948E34A}",,,"05/18/04 00:00:00",,,,,,,,,,1208,1239,3.1000000000000000e+01
"20070506175816-694485306.739807","{16CD6221-4471-4665-9A5B-504C8948E34A}",,,"06/19/06 00:00:00",,,,,,,,,,1400,1417,1.7000000000000000e+01
"20070506175816-767111659.049988","{16CD6221-4471-4665-9A5B-504C8948E34A}",,,"08/20/03 00:00:00",,,,,,,,,,1,1,2.6000000000000000e+01
"20070506175816-790480017.662048","{16CD6221-4471-4665-9A5B-504C8948E34A}",,,"05/13/03 00:00:00",,,,,,,,,,1,1,2.1000000000000000e+01
"20070506175816-798884391.784668","{16CD6221-4471-4665-9A5B-504C8948E34A}",,,"05/02/05 00:00:00",,,,,,,,,,1440,1505,6.5000000000000000e+01
"20070506175816-824602127.075195","{16CD6221-4471-4665-9A5B-504C8948E34A}",,,"06/07/04 00:00:00",,,,,,,,,,1406,1419,1.3000000000000000e+01
"20070506175816-834817171.096802","{16CD6221-4471-4665-9A5B-504C8948E34A}",,,"07/05/06 00:00:00",,,,,,,,,,1342,1351,9.0000000000000000e+00
"20070506175816-919377088.546753","{16CD6221-4471-4665-9A5B-504C8948E34A}",,,"05/11/06 00:00:00",,,,,,,,,,1100,1129,2.9000000000000000e+01
"20070506175816-948571085.929871","{16CD6221-4471-4665-9A5B-504C8948E34A}",,,"06/18/05 00:00:00",,,,,,,,,,1101,1120,1.9000000000000000e+01
"20070506175816-961953163.146973","{16CD6221-4471-4665-9A5B-504C8948E34A}",,,"05/23/03 00:00:00",,,,,,,,,,1,1,8.5000000000000000e+01
"20070506175816-979077935.218811","{16CD6221-4471-4665-9A5B-504C8948E34A}",,,"08/28/06 00:00:00",,,,,,,,,,1145,1210,6.5000000000000000e+01
"20070506175816-97973823.5473633","{16CD6221-4471-4665-9A5B-504C8948E34A}",,,"06/01/06 00:00:00",,,,,,,,,,1348,1407,5.9000000000000000e+01
"20070506175816-980003237.724304","{16CD6221-4471-4665-9A5B-504C8948E34A}",,,"08/03/04 00:00:00",,,,,,,,,,1400,1411,1.1000000000000000e+01
"20070506175816-986093163.490295","{16CD6221-4471-4665-9A5B-504C8948E34A}",,,"06/23/04 00:00:00",,,,,,,,,,1030,1047,1.7000000000000000e+01
"20070506175816-999414563.179016","{16CD6221-4471-4665-9A5B-504C8948E34A}",,,"08/18/04 00:00:00",,,,,,,,,,850,910,6.0000000000000000e+01
"20080721132111-533424019.813538","{4F970299-ABA7-46B3-ABEA-FD7B4FB59339}",,,"01/14/08 00:00:00","Dashiell Feierabend","1",100,"1","1","0",0,"Mid","Rising",1,1,0.0000000000000000e+00
"20080721132227-289562463.760376","{034D16D6-CC0E-49C6-968D-B1ACBCCED35A}",,,"01/14/08 00:00:00","Dashiell Feierabend","1",100,"1","1","0",0,"Mid","Rising",1,1,0.0000000000000000e+00
"20080721132233-774740099.906921","{67E9BD52-99A9-479D-B6A2-D898C0CB02E8}",,,"01/14/08 00:00:00","Dashiell Feierabend","2",220,"2","2","0",0,"High","Rising",1,1,0.0000000000000000e+00
"20080721132451-760723590.85083","{2593DA32-C1AF-4C62-B61F-30A426B30AF1}",,,"01/14/08 00:00:00","Dashiell Feierabend","2",220,"2","3","0",0,"High","Rising",1,1,0.0000000000000000e+00
"20080721132514-709037899.971008","{4F970299-ABA7-46B3-ABEA-FD7B4FB59339}",,,"02/12/08 00:00:00","Dashiell Feierabend","1",130,"0","3","0",0,"Mid","Rising",1,1,0.0000000000000000e+00
"20080721132520-414032697.677612","{034D16D6-CC0E-49C6-968D-B1ACBCCED35A}",,,"02/12/08 00:00:00","Dashiell Feierabend","1",130,"0","3","0",0,"Mid","Rising",1,1,0.0000000000000000e+00
"20080721132537-790480017.662048","{67E9BD52-99A9-479D-B6A2-D898C0CB02E8}",,,"02/12/08 00:00:00","Dashiell Feierabend","0",,"0","3","0",0,"High","Rising",1,1,0.0000000000000000e+00
"20080721132602-961953163.146973","{2593DA32-C1AF-4C62-B61F-30A426B30AF1}",,,"02/12/08 00:00:00","Dashiell Feierabend","0",,"0","3","0",0,"High","Rising",1,1,0.0000000000000000e+00
"20080721132605-56236863.1362915","{4F970299-ABA7-46B3-ABEA-FD7B4FB59339}",,,"03/05/08 00:00:00","Dashiell Feierabend","2",200,"1","3","0",0,"High","Falling",0,1,0.0000000000000000e+00
"20080721132625-364018678.665161","{034D16D6-CC0E-49C6-968D-B1ACBCCED35A}",,,"03/05/08 00:00:00","Dashiell Feierabend","2",20,"1","3","0",0,"High","Falling",1,1,0.0000000000000000e+00
"20080721132629-767111659.049988","{67E9BD52-99A9-479D-B6A2-D898C0CB02E8}",,,"03/05/08 00:00:00","Dashiell Feierabend","3",195,"3","3","0",0,"Mid","Falling",1,1,0.0000000000000000e+00
"20080721132645-592458248.138428","{2593DA32-C1AF-4C62-B61F-30A426B30AF1}",,,"03/05/08 00:00:00","Dashiell Feierabend","1",195,"2","3","0",0,"Mid","Falling",1,1,0.0000000000000000e+00
"20080721135833-622696697.711945","{16CD6221-4471-4665-9A5B-504C8948E34A}",,,"03/05/08 00:00:00","Dashiell Feierabend","3",165,"2","3","0",0,"Mid","Falling",1,1,0.0000000000000000e+00
"20080721153307-263792932.033539","{7582E039-BB5F-4F5F-8CE2-49083924343D}",,,"03/20/08 00:00:00","Dashiell Feierabend","1",215,"1","1","0",0,"High","Falling",1,1,0.0000000000000000e+00
"20080721153312-829801619.052887","{23CC6674-CFCD-4C28-A43F-9DEE885AF11A}",,,"03/20/08 00:00:00","Dashiell Feierabend","3",330,"2","1","0",0,"Mid","Falling",1,1,0.0000000000000000e+00
"20080721153314-589163005.35202","{4F970299-ABA7-46B3-ABEA-FD7B4FB59339}",,,"03/28/08 00:00:00","Dashiell Feierabend","3",215,"2","0","0",0,"Mid","Rising",1,1,0.0000000000000000e+00
"20080721153315-910964310.16922","{034D16D6-CC0E-49C6-968D-B1ACBCCED35A}",,,"03/28/08 00:00:00","Dashiell Feierabend","3",200,"2","0","0",0,"Mid","Rising",1,1,0.0000000000000000e+00
"20080721153316-695115506.649017","{67E9BD52-99A9-479D-B6A2-D898C0CB02E8}",,,"03/28/08 00:00:00","Dashiell Feierabend","4",200,"2","0","0",0,"Mid","Rising",1,1,0.0000000000000000e+00
"20080721153317-243931353.092194","{2593DA32-C1AF-4C62-B61F-30A426B30AF1}",,,"03/28/08 00:00:00","Dashiell Feierabend","3",215,"2","0","0",0,"High","Rising",1,1,0.0000000000000000e+00
"20080721153318-106369674.20578","{16CD6221-4471-4665-9A5B-504C8948E34A}",,,"03/28/08 00:00:00","Dashiell Feierabend","1",200,"1","0","0",0,"High","Rising",1,1,0.0000000000000000e+00
"20080721153319-676175892.353058","{4F970299-ABA7-46B3-ABEA-FD7B4FB59339}",,,"04/17/08 00:00:00","Dashiell Feierabend","4",50,"3","2","0",0,"Mid","Rising",0,0,0.0000000000000000e+00
"20080721153320-575183808.803558","{034D16D6-CC0E-49C6-968D-B1ACBCCED35A}",,,"04/17/08 00:00:00","Dashiell Feierabend","3",0,"1","2","0",0,"High","Rising",0,0,0.0000000000000000e+00
"20080721153759-103022634.983063","{67E9BD52-99A9-479D-B6A2-D898C0CB02E8}",,,"04/17/08 00:00:00","Dashiell Feierabend","4",345,"3","1","0",0,"High","Unchanging",0,1,0.0000000000000000e+00
"20080721153802-284480273.723602","{2593DA32-C1AF-4C62-B61F-30A426B30AF1}",,,"04/17/08 00:00:00","Dashiell Feierabend","4",310,"3","1","0",0,"High","Falling",1,1,0.0000000000000000e+00
"20080721153803-295772850.513458","{5610FCBB-E781-4CB0-82BD-1033499FF0CB}",,,"04/17/08 00:00:00","Dashiell Feierabend","4",300,"3","1","0",0,"Mid","Falling",1,1,0.0000000000000000e+00
"20080721153804-300970494.747162","{16CD6221-4471-4665-9A5B-504C8948E34A}",,,"04/17/08 00:00:00","Dashiell Feierabend","4",20,"1","0","0",0,"Mid","Falling",1,1,0.0000000000000000e+00
"20080721153805-278279960.155487","{23CC6674-CFCD-4C28-A43F-9DEE885AF11A}",,,"04/18/08 00:00:00","Dashiell Feierabend","4",0,"2","0","0",0,"High","Rising",0,0,0.0000000000000000e+00
"20080721153805-979829370.975494","{7582E039-BB5F-4F5F-8CE2-49083924343D}",,,"04/18/08 00:00:00","Dashiell Feierabend","3",0,"2","0","0",0,"Mid","Rising",0,0,0.0000000000000000e+00
"20080721153806-162821590.900421","{23CC6674-CFCD-4C28-A43F-9DEE885AF11A}",,,"06/10/08 00:00:00","Dashiell Feierabend","4",187,"3","3","0",0,"Mid","Rising",0,0,0.0000000000000000e+00
"20080721153807-410073220.729828","{4F970299-ABA7-46B3-ABEA-FD7B4FB59339}",,,"06/13/08 00:00:00","Dashiell Feierabend","4",195,"3","3","0",0,"High","Rising",0,0,0.0000000000000000e+00
"20080721153808-633178889.751434","{67E9BD52-99A9-479D-B6A2-D898C0CB02E8}",,,"06/13/08 00:00:00","Dashiell Feierabend","4",205,"4","3","0",0,"High","Falling",0,0,0.0000000000000000e+00
"20080721153808-712730467.319489","{034D16D6-CC0E-49C6-968D-B1ACBCCED35A}",,,"06/13/08 00:00:00","Dashiell Feierabend","3",205,"2","3","0",0,"High","Falling",0,0,0.0000000000000000e+00
"20080721153855-186013519.763947","{2593DA32-C1AF-4C62-B61F-30A426B30AF1}",,,"06/13/08 00:00:00","Dashiell Feierabend","3",205,"4","3","0",0,"Mid","Falling",1,1,0.0000000000000000e+00
"20080721153857-80714643.0015564","{5610FCBB-E781-4CB0-82BD-1033499FF0CB}",,,"06/13/08 00:00:00","Dashiell Feierabend","4",175,"4","3","0",0,"Low","Falling",1,1,0.0000000000000000e+00
"20080721153858-785212218.761444","{4F970299-ABA7-46B3-ABEA-FD7B4FB59339}",,,"06/26/08 00:00:00","Dashiell Feierabend","4",180,"3","3","0",0,"Mid","Rising",1,1,0.0000000000000000e+00
"20080721153858-905729830.265045","{16CD6221-4471-4665-9A5B-504C8948E34A}",,,"06/13/08 00:00:00","Dashiell Feierabend","2",190,"0","3","0",0,"Mid","Falling",1,1,0.0000000000000000e+00
"20080721153859-289665043.354034","{034D16D6-CC0E-49C6-968D-B1ACBCCED35A}",,,"06/26/08 00:00:00","Dashiell Feierabend","3",195,"3","3","0",0,"Mid","Rising",1,1,0.0000000000000000e+00
"20080721153900-631742417.812347","{67E9BD52-99A9-479D-B6A2-D898C0CB02E8}",,,"06/26/08 00:00:00","Dashiell Feierabend","4",200,"2","3","0",0,"Mid","Rising",1,1,0.0000000000000000e+00
"20080721153901-428456366.062164","{2593DA32-C1AF-4C62-B61F-30A426B30AF1}",,,"06/26/08 00:00:00","Dashiell Feierabend","3",200,"2","3","0",0,"Low","Rising",1,1,0.0000000000000000e+00
"20080721153902-561040103.435516","{5610FCBB-E781-4CB0-82BD-1033499FF0CB}",,,"06/26/08 00:00:00","Dashiell Feierabend","2",175,"2","3","0",0,"Mid","Falling",0,1,0.0000000000000000e+00
"20080721153903-913717567.920685","{16CD6221-4471-4665-9A5B-504C8948E34A}",,,"06/26/08 00:00:00","Dashiell Feierabend","3",195,"1","3","0",0,"Low","Rising",1,1,0.0000000000000000e+00
"20080721153908-22629201.4122009","{23CC6674-CFCD-4C28-A43F-9DEE885AF11A}",,,"06/27/08 00:00:00","Dashiell Feierabend","3",200,"3","2","3",0,"Low","Rising",1,1,0.0000000000000000e+00
"20080722092125-705547511.577606","{5610FCBB-E781-4CB0-82BD-1033499FF0CB}",,,"03/15/08 00:00:00","Dashiell Feierabend","4",200,"3","0","0",0,"Mid","Falling",0,1,0.0000000000000000e+00
"20080723090118-289562463.760376","{2593DA32-C1AF-4C62-B61F-30A426B30AF1}",,,"05/08/07 00:00:00",,,,,,,0,,,0,0,0.0000000000000000e+00
"20080723123120-573013365.268707","{67E9BD52-99A9-479D-B6A2-D898C0CB02E8}",,,"05/30/07 00:00:00",,,,,,,0,,,0,0,0.0000000000000000e+00
"20080723123123-547599971.294403","{2593DA32-C1AF-4C62-B61F-30A426B30AF1}",,,"05/30/07 00:00:00",,,,,,,0,,,0,1,0.0000000000000000e+00
"20080723123123-962678253.650665","{16CD6221-4471-4665-9A5B-504C8948E34A}",,,"05/30/07 00:00:00",,,,,,,0,,,1,1,0.0000000000000000e+00
"20080723123124-409323275.089264","{4F970299-ABA7-46B3-ABEA-FD7B4FB59339}",,,"06/01/07 00:00:00",,,,,,,0,,,0,0,0.0000000000000000e+00
"20080723123124-992572247.982025","{5610FCBB-E781-4CB0-82BD-1033499FF0CB}",,,"05/30/07 00:00:00",,,,,,,0,,,,,0.0000000000000000e+00
"20080723123125-989428222.179413","{034D16D6-CC0E-49C6-968D-B1ACBCCED35A}",,,"06/01/07 00:00:00",,,,,,,0,,,0,0,0.0000000000000000e+00
"20080723123126-16988694.6678162","{034D16D6-CC0E-49C6-968D-B1ACBCCED35A}",,,"06/02/07 00:00:00",,,,,,,0,,,1,1,0.0000000000000000e+00
"20080723123126-174484074.115753","{4F970299-ABA7-46B3-ABEA-FD7B4FB59339}",,,"06/02/07 00:00:00",,,,,,,0,,,1,1,0.0000000000000000e+00
"20080723123127-109738528.728485","{2593DA32-C1AF-4C62-B61F-30A426B30AF1}",,,"06/06/07 00:00:00",,,,,,,0,,,0,1,0.0000000000000000e+00
"20080723123127-398878395.557404","{67E9BD52-99A9-479D-B6A2-D898C0CB02E8}",,,"06/28/07 00:00:00",,,,,,,0,,,0,0,0.0000000000000000e+00
"20080723123127-692547857.761383","{67E9BD52-99A9-479D-B6A2-D898C0CB02E8}",,,"06/06/07 00:00:00",,,,,,,0,,,0,0,0.0000000000000000e+00
"20080723123128-310951650.14267","{2593DA32-C1AF-4C62-B61F-30A426B30AF1}",,,"06/28/07 00:00:00",,,,,,,0,,,0,0,0.0000000000000000e+00
"20080723123128-807941019.535065","{16CD6221-4471-4665-9A5B-504C8948E34A}",,,"06/28/07 00:00:00",,,,,,,0,,,0,1,0.0000000000000000e+00
"20080723123129-375816047.19162","{4F970299-ABA7-46B3-ABEA-FD7B4FB59339}",,,"06/28/07 00:00:00",,,,,,,0,,,1,1,0.0000000000000000e+00
"20080723123129-841427624.225616","{034D16D6-CC0E-49C6-968D-B1ACBCCED35A}",,,"06/28/07 00:00:00",,,,,,,0,,,1,1,0.0000000000000000e+00
"20080723123130-406381666.660309","{034D16D6-CC0E-49C6-968D-B1ACBCCED35A}",,,"07/04/07 00:00:00",,,,,,,0,,,0,0,0.0000000000000000e+00
"20080723123130-724558770.656586","{4F970299-ABA7-46B3-ABEA-FD7B4FB59339}",,,"07/04/07 00:00:00",,,,,,,0,,,0,0,0.0000000000000000e+00
"20080723123131-645570933.818817","{67E9BD52-99A9-479D-B6A2-D898C0CB02E8}",,,"07/04/07 00:00:00",,,,,,,0,,,0,0,0.0000000000000000e+00
"20080723123737-223323166.370392","{2593DA32-C1AF-4C62-B61F-30A426B30AF1}",,,"07/04/07 00:00:00",,,,,,,0,,,0,1,0.0000000000000000e+00
"20080723123811-667538344.860077","{2593DA32-C1AF-4C62-B61F-30A426B30AF1}",,,"07/13/07 00:00:00",,,,,,,0,,,1,1,0.0000000000000000e+00
"20080723123811-748532712.459564","{16CD6221-4471-4665-9A5B-504C8948E34A}",,,"07/04/07 00:00:00",,,,,,,0,,,1,1,0.0000000000000000e+00
"20080723123811-904373705.387115","{67E9BD52-99A9-479D-B6A2-D898C0CB02E8}",,,"07/13/07 00:00:00",,,,,,,0,,,0,0,0.0000000000000000e+00
"20080723123812-14221131.8016052","{67E9BD52-99A9-479D-B6A2-D898C0CB02E8}",,,"07/20/07 00:00:00",,,,,,,0,,,0,0,0.0000000000000000e+00
"20080723123812-281381428.24173","{16CD6221-4471-4665-9A5B-504C8948E34A}",,,"07/13/07 00:00:00",,,,,,,0,,,1,1,0.0000000000000000e+00
"20080723123813-580878436.565399","{16CD6221-4471-4665-9A5B-504C8948E34A}",,,"07/20/07 00:00:00",,,,,,,0,,,1,1,0.0000000000000000e+00
"20080723123813-984046041.965485","{2593DA32-C1AF-4C62-B61F-30A426B30AF1}",,,"07/20/07 00:00:00",,,,,,,0,,,0,0,0.0000000000000000e+00
"20080723123814-268043816.08963","{4F970299-ABA7-46B3-ABEA-FD7B4FB59339}",,,"07/26/07 00:00:00",,,,,,,0,,,1,1,0.0000000000000000e+00
"20080723123814-793596684.932709","{034D16D6-CC0E-49C6-968D-B1ACBCCED35A}",,,"07/26/07 00:00:00",,,,,,,0,,,1,1,0.0000000000000000e+00
"20080723123815-415376365.184784","{2593DA32-C1AF-4C62-B61F-30A426B30AF1}",,,"08/08/07 00:00:00",,,,,,,0,,,0,1,0.0000000000000000e+00
"20080723123815-451376736.164093","{16CD6221-4471-4665-9A5B-504C8948E34A}",,,"08/08/07 00:00:00",,,,,,,0,,,1,1,0.0000000000000000e+00
"20080723123815-93152582.6454163","{67E9BD52-99A9-479D-B6A2-D898C0CB02E8}",,,"08/08/07 00:00:00",,,,,,,0,,,0,0,0.0000000000000000e+00
"20080723123816-499257028.102875","{16CD6221-4471-4665-9A5B-504C8948E34A}",,,"09/12/07 00:00:00",,,,,,,0,,,1,1,0.0000000000000000e+00
"20080723123816-945072233.67691","{4F970299-ABA7-46B3-ABEA-FD7B4FB59339}",,,"10/19/07 00:00:00",,,,,,,0,,,0,1,0.0000000000000000e+00
"20080723123817-591442286.968231","{034D16D6-CC0E-49C6-968D-B1ACBCCED35A}",,,"10/19/07 00:00:00",,,,,,,0,,,1,1,0.0000000000000000e+00
"20080723123817-615071594.715118","{67E9BD52-99A9-479D-B6A2-D898C0CB02E8}",,,"10/19/07 00:00:00",,,,,,,0,,,1,1,0.0000000000000000e+00
"20080723123818-184424817.562103","{2593DA32-C1AF-4C62-B61F-30A426B30AF1}",,,"10/19/07 00:00:00",,,,,,,0,,,1,1,0.0000000000000000e+00
"20080723123818-18808901.309967","{5610FCBB-E781-4CB0-82BD-1033499FF0CB}",,,"10/19/07 00:00:00",,,,,,,0,,,1,1,0.0000000000000000e+00
"20080723123819-420111358.165741","{7582E039-BB5F-4F5F-8CE2-49083924343D}",,,"10/24/07 00:00:00","Dashiell Feierabend","3",340,"3","2","3",0,,"Falling",1,1,0.0000000000000000e+00
"20080723123820-42947709.5603943","{5610FCBB-E781-4CB0-82BD-1033499FF0CB}",,,"12/07/07 00:00:00","Dashiell Feierabend","1",10,"1","2","0",0,,"Falling",1,1,0.0000000000000000e+00
"20080723123820-558444797.992706","{23CC6674-CFCD-4C28-A43F-9DEE885AF11A}",,,"10/24/07 00:00:00",,,,,,,0,,,1,1,0.0000000000000000e+00
"20080723123821-58991491.7945862","{4F970299-ABA7-46B3-ABEA-FD7B4FB59339}",,,"12/14/07 00:00:00","Dashiell Feierabend","3",20,"2","3","9",0,,"Rising",1,1,0.0000000000000000e+00
"20080723123822-603043735.027313","{034D16D6-CC0E-49C6-968D-B1ACBCCED35A}",,,"12/14/07 00:00:00","Dashiell Feierabend","3",285,"2","3","9",0,,"Rising",1,1,0.0000000000000000e+00
"20080723123913-596437752.246857","{4F970299-ABA7-46B3-ABEA-FD7B4FB59339}",,,"01/14/08 00:00:00","Dashiell Feierabend","1",100,"1","1","0",0,"Mid","Rising",1,1,0.0000000000000000e+00
"20080723123914-909298360.347748","{034D16D6-CC0E-49C6-968D-B1ACBCCED35A}",,,"01/14/08 00:00:00","Dashiell Feierabend","1",100,"1","1","0",0,"Mid","Rising",1,1,0.0000000000000000e+00
"20080723123915-575873911.380768","{67E9BD52-99A9-479D-B6A2-D898C0CB02E8}",,,"01/14/08 00:00:00","Dashiell Feierabend","2",220,"2","2","0",0,"High","Rising",1,1,0.0000000000000000e+00
"20080723123915-732524573.802948","{2593DA32-C1AF-4C62-B61F-30A426B30AF1}",,,"01/14/08 00:00:00","Dashiell Feierabend","2",220,"2","3","0",0,"High","Rising",1,1,0.0000000000000000e+00
"20080723123916-59616863.7275696","{4F970299-ABA7-46B3-ABEA-FD7B4FB59339}",,,"02/12/08 00:00:00","Dashiell Feierabend","1",130,"0","3","0",0,"Mid","Rising",1,1,0.0000000000000000e+00
"20080723123916-758574426.174164","{034D16D6-CC0E-49C6-968D-B1ACBCCED35A}",,,"02/12/08 00:00:00","Dashiell Feierabend","1",130,"0","3","0",0,"Mid","Rising",1,1,0.0000000000000000e+00
"20080723123917-345335066.318512","{67E9BD52-99A9-479D-B6A2-D898C0CB02E8}",,,"02/12/08 00:00:00","Dashiell Feierabend","0",,"0","3","0",0,"High","Rising",1,1,0.0000000000000000e+00
"20080723123917-791464030.742645","{2593DA32-C1AF-4C62-B61F-30A426B30AF1}",,,"02/12/08 00:00:00","Dashiell Feierabend","0",,"0","3","0",0,"High","Rising",1,1,0.0000000000000000e+00
"20080723123918-206498563.289642","{034D16D6-CC0E-49C6-968D-B1ACBCCED35A}",,,"03/05/08 00:00:00","Dashiell Feierabend","2",20,"1","3","0",0,"High","Falling",1,1,0.0000000000000000e+00
"20080723123918-794173538.684845","{4F970299-ABA7-46B3-ABEA-FD7B4FB59339}",,,"03/05/08 00:00:00","Dashiell Feierabend","2",200,"1","3","0",0,"High","Falling",0,1,0.0000000000000000e+00
"20080723123918-908878862.857819","{67E9BD52-99A9-479D-B6A2-D898C0CB02E8}",,,"03/05/08 00:00:00","Dashiell Feierabend","3",195,"3","3","0",0,"Mid","Falling",1,1,0.0000000000000000e+00
"20080723123919-653397262.096405","{2593DA32-C1AF-4C62-B61F-30A426B30AF1}",,,"03/05/08 00:00:00","Dashiell Feierabend","1",195,"2","3","0",0,"Mid","Falling",1,1,0.0000000000000000e+00
"20080723123919-661924183.368683","{16CD6221-4471-4665-9A5B-504C8948E34A}",,,"03/05/08 00:00:00","Dashiell Feierabend","3",165,"2","3","0",0,"Mid","Falling",1,1,0.0000000000000000e+00
"20080723123920-73634207.2486877",,,,,,,,,,,0,,,,,0.0000000000000000e+00
"20080723123920-9418427.94418335",,,,,,,,,,,0,,,,,0.0000000000000000e+00
"3261911063","{7582E039-BB5F-4F5F-8CE2-49083924343D}",,,"05/13/07 00:00:00","{B6F56AC0-F1FD-4829-884F-075DEE064307}","4",,"2","1","0",1,,,39216,39216,1.4519999999999999e+02
"3261919538","{23CC6674-CFCD-4C28-A43F-9DEE885AF11A}",,,"05/13/07 00:00:00","{B6F56AC0-F1FD-4829-884F-075DEE064307}","5",,"3","2","0",1,,,39216,39216,7.7916666666666700e+01
