Event_ID,Contact_ID,Contact_Role
"{8D4945C2-61A8-4E00-9FCF-3B7631E74CC2}","20080710124324-533424019.813538",
"{52769FDC-A485-4ED2-844A-51C5E9DF5C03}","20080710124324-533424019.813538",
"{24448019-EE03-47EA-926C-98FE18B55D80}","20080710124324-533424019.813538",
"{4BF0CC12-909A-4A45-9540-86EBF4A067DA}","20080710124324-533424019.813538",
"{0457150E-DE94-4FA5-A665-A08E4D6B2A77}","20080710124324-533424019.813538",
"{FBA61503-005B-4DB5-9B36-5D56FF54DD76}","20080710124324-533424019.813538",
"{4C7B15C5-CF53-4487-84B5-983EFF485CEC}","20080710124324-533424019.813538",
"{C2EFD76F-8876-4DCC-A176-4059ADED051E}","20080710124324-533424019.813538",
"{C16298AA-F739-4268-8E51-2FCEA6921650}","20080710124324-533424019.813538",
"{08E9F00F-E79D-43B6-9AE6-C6080F5151F3}","20080710124324-533424019.813538",
"{63C5AEF4-8FAF-402C-988C-2F18FA05DB30}","20080710124324-533424019.813538",
"{111848A9-8B9B-4D07-840F-67EB9377246A}","20080710124324-533424019.813538",
"{75FFF80E-ADC8-4D17-B074-C8DB821374CC}","20080710124324-533424019.813538",
"{D9E3B408-D6C0-491F-B048-3D80777DF4A4}","20080710124324-533424019.813538",
"20080723123813-984046041.965485","20070512161715-705547511.577606",
"20080723123812-14221131.8016052","20070512161715-705547511.577606",
"20080723123813-580878436.565399","20070512161715-705547511.577606",
"{E1350D1F-B28E-4D1B-B6B6-BAD3E428B05D}","20080710124324-533424019.813538",
"{3BD2A86B-1FAB-4BE7-8AEE-9B1139F30243}","20080710124324-533424019.813538",
"{48A0DCE9-FFB2-4321-93E9-EAA79A20EB80}","20080710124324-533424019.813538",
"{96C29620-D400-4243-A040-143BA5410189}","20080710124324-533424019.813538",
"{11DD65D3-2D12-4B7B-B578-109B7EC88D68}","20080710124324-533424019.813538",
"{4C103901-BB45-45BF-BDB3-6806B5833440}","20080710124324-533424019.813538",
"{D59C73E1-1E2E-43B3-A11A-45DCA1EB09CA}","20080710124324-533424019.813538",
"20080723123130-724558770.656586","20070512161715-705547511.577606",
"{ECD97FB3-92AF-4632-8025-D8FF907A7645}","20080710124324-533424019.813538",
"{188BFEC4-C8FA-428E-BC67-AAF761058FFE}","20080710124324-533424019.813538",
"{2868F316-9614-4AC5-A772-080E0711A0A7}","20080710124324-533424019.813538",
"{173470F3-ADC3-4312-85B2-8EA1244F2F74}","20080710124324-533424019.813538",
"{0F05EA54-796F-4DFB-ADC2-146260C9E852}","20080710124324-533424019.813538",
"{8A2CC851-3D40-4D0B-9F98-DA378CAE7A96}","20080710124324-533424019.813538",
"{404B2D3F-5E4B-4D29-BD22-1F54E1768242}","20080710124324-533424019.813538",
"{8534F360-F927-4F20-B74B-128F589D774A}","20080710124324-533424019.813538",
"{A4AC88A8-1A52-4B6E-8127-94B54BA77011}","20080710124324-533424019.813538",
"{29CF7CCF-509F-49DC-9C5C-DECD3054D4AD}","20080710124324-533424019.813538",
"{03EF601D-7B9E-448F-A76A-D734D862A67C}","20080710124324-533424019.813538",
"{F89E95D1-9087-476F-8927-4B5335C9EA23}","20080710124324-533424019.813538",
"{C6774C20-8061-4AF6-9C7A-E56BE2BB6696}","20080710124324-533424019.813538",
"{BCAFF858-F83F-4B30-B208-48670D6C83E3}","20080710124324-533424019.813538",
"{D0AAF7B4-3169-455B-91FB-22A7DC7274D1}","20080710124324-533424019.813538",
"{11D4C291-732B-4C5D-8484-46EB435F26E2}","20080710124324-533424019.813538",
"{BCA45A72-E081-4020-80C6-EA9BBDA775C1}","20080710124324-533424019.813538",
"{F89E95D1-9087-476F-8927-4B5335C9EA23}","20080710124324-533424019.813538",
"{C416054A-A06D-4B37-8DBD-B47052E9D9B3}","20080710124324-533424019.813538",
"{01752FBB-F662-40C6-8FBA-0C3D4F903B73}","20080710124324-533424019.813538",
"{2BE6F5D4-E550-4371-8658-DBD805B2A8E5}","20080710124324-533424019.813538",
"{07D1CA95-116A-4F4B-B48B-3F2D9DA9C086}","20080710124324-533424019.813538",
"{5FB79928-C329-460C-8D55-7AEB6898B39A}","20080710124324-533424019.813538",
"{79E649ED-7568-4A76-AB2B-BDB219DBB81A}","20080710124324-533424019.813538",
"{0742E2E0-2900-4B92-93B0-C4BD4866793C}","20080710124324-533424019.813538",
"{D6229DF9-02E4-405C-B97C-673BF6B2E100}","20080710124324-533424019.813538",
"{7BE4E8F6-06CD-4D5D-B92B-62D4E5043ED1}","20080710124324-533424019.813538",
"{A37758B3-B4D2-491B-9112-AFC47EB46341}","20080710124324-533424019.813538",
"{E4156F67-31CD-4393-8300-A4949B9CFDA0}","20080710124324-533424019.813538",
"{178BD73B-93D7-43AC-AA60-2C01FE627599}","20080710124324-533424019.813538",
"{21141EFB-E3F1-48AC-B89C-7F595D7CF282}","20080710124324-533424019.813538",
"{6D26FE98-3E76-45DD-913D-24637F007DF1}","20080710124324-533424019.813538",
"{71C2F368-0279-4732-9420-9296CD8C50DA}","20080710124324-533424019.813538",
"{BFA92E40-74A5-468E-93C5-469D24B63573}","20080710124324-533424019.813538",
"{1E86FD71-CFE3-4B65-A1A5-F8F45FCA040D}","20080710124324-533424019.813538",
"{298AE3B5-B0D4-4E65-B722-ED9A54D3C219}","20080710124324-533424019.813538",
"{60898AFF-EBB2-425D-8B12-0FCBF6224B0B}","20080710124324-533424019.813538",
"{9ECB8974-E40D-440D-B871-06FB661A5E9B}","20080710124324-533424019.813538",
"{D3DF831F-98DD-4B11-8C18-D3EA5DC6D380}","20080710124324-533424019.813538",
"{FEDFC31D-2547-4015-9096-AA0A210112F8}","20080710124324-533424019.813538",
"{58552E05-915E-4441-BA6F-6C85ED149EB9}","20080710124324-533424019.813538",
"{77ECB080-BF47-4E33-A5DB-C116DB30A61F}","20080710124324-533424019.813538",
"{74A4F538-1FB9-42E3-8EC5-2FF236A46576}","20080710124324-533424019.813538",
"{CE00A24C-8593-43BB-81B6-ABEED3AC7EB5}","20080710124324-533424019.813538",
"{8297C111-7FA4-458C-9FEA-64ED27949022}","20080710124324-533424019.813538",
"{1A628A2D-0B5A-4B6E-8E52-C9FA76092006}","20080710124324-533424019.813538",
"{A18B933D-5BDB-4D67-9EE4-2F842F7C8393}","20080710124324-533424019.813538",
"{052B8D93-F319-4B8F-94B8-027EE3F37F9C}","20080710124324-533424019.813538",
"{C6D2C248-F3CF-4A1A-BEE1-38BB770168BC}","20080710124324-533424019.813538",
"{73F7BD9F-9133-4C5D-A0FA-03B27987B042}","20080710124324-533424019.813538",
"{D647928D-3310-43E1-AF68-8BBFD912442B}","20080710124324-533424019.813538",
"{FED37B38-815F-404A-A336-60AAE1F73A17}","20080710124324-533424019.813538",
"{AC274A91-B341-4BD0-9B5E-90CEF30794A1}","20080710124324-533424019.813538",
"{A82F8BF8-07DB-43A1-BD2D-5F8EAC6A1A25}","20080710124324-533424019.813538",
"{88885D00-C6BC-4822-9EE9-149D850C3E8F}","20080710124324-533424019.813538",
"{3D112E8C-08CC-4FE0-A220-02F15054FB03}","20080710124324-533424019.813538",
"{2870C131-51FF-4730-AA2A-76A619BC07E3}","20080710124324-533424019.813538",
"{8B972A99-37CB-4A6A-88B8-247C9C3BFED9}","20080710124324-533424019.813538",
"{534F6174-0E97-4507-8137-2D329D35F1E6}","20080710124324-533424019.813538",
"{83DB1062-3D64-4095-96A9-C11C3C1A92F3}","20080710124324-533424019.813538",
"{1F3B7FA4-C591-4CA5-AED6-8EAEA59FF1AB}","20080710124324-533424019.813538",
"{6D899A3C-E0F5-44CF-A674-24BC304C43D7}","20080710124324-533424019.813538",
"{EA5D8EB8-479C-4B3A-968D-460D941C002D}","20080710124324-533424019.813538",
"{0CBBD49E-BA02-4B6C-8B6B-D90FBFD33400}","20080710124324-533424019.813538",
"{A53ACD01-F5CC-4CC2-AFD8-807021179389}","20080710124324-533424019.813538",
"{0958923E-A600-4A58-8250-24FEBC98E22C}","20080710124324-533424019.813538",
"{89055893-A4A9-44D2-88F2-6F63BE5A514E}","20080710124324-533424019.813538",
"{F8B5E627-5430-47E2-AE23-3D3A49107D56}","20080710124324-533424019.813538",
"{D724AAF6-35CE-4412-A0E0-D3DEF446F662}","20080710124324-533424019.813538",
"{EF7662CD-9B0F-4C86-8C1C-7F7E8B50B430}","20080710124324-533424019.813538",
"{BB0753EF-8DF0-4934-AC8B-E927BE4A1734}","20080710124324-533424019.813538",
"{0AAB4BB7-EAAC-4C58-9EEF-A02EC2E3EAF3}","20080710124324-533424019.813538",
"{527B99D9-B8D2-4536-9651-2DC1FA7E6077}","20080710124324-533424019.813538",
"{4F7932EA-D7AC-4546-8268-04365A910393}","20080710124324-533424019.813538",
"{A9F91CA8-0410-4D58-A225-5397B1B27B2E}","20080710124324-533424019.813538",
"{B6666916-F032-4BDE-B36F-1001F5FB1DF1}","20080710124324-533424019.813538",
"{752AF0B9-DD2A-46C3-A253-2D038A772CDB}","20080710124324-533424019.813538",
"{D7184F79-A1DE-4231-9AB7-27E05164A2F9}","20080710124324-533424019.813538",
"{00E5E928-09AB-495D-851D-0C9A648B50D7}","20080710124324-533424019.813538",
"{C45FA4AA-72B1-413D-9EEA-41FC11A6D5F9}","20080710124324-533424019.813538",
"{D0132A45-BD6B-4288-93EA-8428FECF09F4}","20080710124324-533424019.813538",
"{548C6127-8F09-491C-B2DD-5ECE97EB13C7}","20080710124324-533424019.813538",
"{AF196E7B-71E2-40B3-BE5A-665038E98C8B}","20080710124324-533424019.813538",
"{A7F7E12C-06ED-4BDA-B71B-2EC6E042776B}","20080710124324-533424019.813538",
"{56A7332A-2D51-4AED-833C-FDF7D396DEA5}","20080710124324-533424019.813538",
"{6AB5AC1A-809D-4768-B0E4-B126431364DF}","20080710124324-533424019.813538",
"{816B3D27-405B-43CF-BE36-FBC2E9913663}","20080710124324-533424019.813538",
"{50D12F58-D52A-4873-B2B8-AE49FA71E4FD}","20080710124324-533424019.813538",
"{54EB68A4-51EC-49DA-9D35-C58A60EE9AD0}","20080710124324-533424019.813538",
"{7EF17927-E1D6-49EB-B490-832974ED553B}","20080710124324-533424019.813538",
"{CBD61363-F55C-4E77-9FB1-BB69F34CD146}","20080710124324-533424019.813538",
"{66BB681C-66CF-42FC-95D1-C6C7E286A3D9}","20080710124324-533424019.813538",
"{05F24163-5500-4EF9-A049-54677567ABE0}","20080710124324-533424019.813538",
"{FCDD25DE-DF3F-40BD-AE5B-88F32C65BC7C}","20080710124324-533424019.813538",
"{E3EBCB4C-398A-4B89-9A09-986EA0AF13FF}","20080710124324-533424019.813538",
"{DAEF1C04-B584-4ED6-86C2-9386D4B38D95}","20080710124324-533424019.813538",
"{57114BE6-0E1E-43C0-AE7C-0D8B9C4C0259}","20080710124324-533424019.813538",
"{1D79C14D-1DE3-4D79-B2D0-E28D0FCE143E}","20080710124324-533424019.813538",
"{5D778E59-7CC7-4099-BBC9-E7E5E23980D3}","20080710124324-533424019.813538",
"{A90FB96C-31C7-4355-9EB2-2D127C341451}","20080710124324-533424019.813538",
"{E58A2AFD-0856-4F33-8594-B7D61C47CB34}","20080710124324-533424019.813538",
"{5B22CA61-741D-4F2D-A75C-A2C8BB163774}","20080710124324-533424019.813538",
"{2FD139D4-E40B-40DC-8A10-651F9D276320}","20080710124324-533424019.813538",
"{42D85DC6-D9D7-4246-9A88-70005D510856}","20080710124324-533424019.813538",
"{CAF0C5D8-05E3-4D55-83E3-E70F7B1C6C43}","20080710124324-533424019.813538",
"{9490F4C7-A5B2-4964-82AF-4DC1E2A9E9E9}","20080710124324-533424019.813538",
"{31EB95D6-CBD2-4A6E-A09C-CA0D38A08991}","20080710124324-533424019.813538",
"{044D2779-C31F-4CB7-8F97-1456E7700D5E}","20080710124324-533424019.813538",
"{4F4124BE-A6EF-444A-9074-EF6F8916169F}","20080710124324-533424019.813538",
"{149F333E-3614-4D14-BC1A-9BF8C4AD2B87}","20080710124324-533424019.813538",
"{384B0690-309D-44B1-A3F7-6AF0993B68E2}","20080710124324-533424019.813538",
"{259BDFB3-6BC6-4513-8B04-46470E64D918}","20080710124324-533424019.813538",
"{8F4B3378-2367-440B-A34B-C6A26A1CAA0E}","20080710124324-533424019.813538",
"{4BA01A54-8B04-486B-BB7F-805C8067CDB9}","20080710124324-533424019.813538",
"{B416D51D-73BC-4479-BB58-F1D637E4B45C}","20080710124324-533424019.813538",
"{99FB872B-5646-4AEB-86B4-0A2A97C48591}","20080710124324-533424019.813538",
"{A5582FCF-D1AE-468C-9A48-8E14A3D16D58}","20080710124324-533424019.813538",
"{9B2449BC-424D-4157-AAF6-7A94E87077E7}","20080710124324-533424019.813538",
"{E9F676A3-F122-457B-B6A3-D881957BD145}","20080710124324-533424019.813538",
"{34813207-75AE-43B7-AEC9-F5A1465693E0}","20080710124324-533424019.813538",
"{5BAC9F34-B814-4CFF-AFBC-4D8F9040CA7E}","20080710124324-533424019.813538",
"{EA8DF254-19D2-4CFA-B747-F257EFA9F1FF}","20080710124324-533424019.813538",
"{ED3A17C0-0FD1-4341-8058-4868D7CFB721}","20080710124324-533424019.813538",
"{24DDA1B4-94BD-400C-B052-63994BDD80F2}","20080710124324-533424019.813538",
"{5F20B3A1-9A44-412E-8221-F243F8B667F3}","20080710124324-533424019.813538",
"{6B43ACDA-C984-4B34-B01E-755D65A0054D}","20080710124324-533424019.813538",
"{3EB34E91-859B-4AE6-BC88-58074AF07E20}","20080710124324-533424019.813538",
"{8917CE53-FC52-46DC-B042-C613AF9D0D47}","20080710124324-533424019.813538",
"{0091EC32-2422-4FC7-9A9B-48A1BC2170DD}","20080710124324-533424019.813538",
"{BD9525EC-3DCA-4092-ABDE-0108B91DF1FE}","{E50F1FC3-632B-4D7E-AF95-5FD9BD042662}","ASSISTANT"
"{BD9525EC-3DCA-4092-ABDE-0108B91DF1FE}","{639D8CF2-2CBB-4F7E-B68D-DF40C378CE65}",
"{E5A6D64B-EBA4-4EE5-960C-36689BCB1E99}","{639D8CF2-2CBB-4F7E-B68D-DF40C378CE65}",
"{E5A6D64B-EBA4-4EE5-960C-36689BCB1E99}","{E50F1FC3-632B-4D7E-AF95-5FD9BD042662}",
"{42E5AF2D-1680-4A85-9B3D-BE327A4DE7B6}","{639D8CF2-2CBB-4F7E-B68D-DF40C378CE65}",
"{4AF84FAD-FB49-42F7-AA58-B6B4E15ADD9F}","{639D8CF2-2CBB-4F7E-B68D-DF40C378CE65}",
"{4AF84FAD-FB49-42F7-AA58-B6B4E15ADD9F}","{E50F1FC3-632B-4D7E-AF95-5FD9BD042662}",
"{A175B735-8450-4D0D-92F4-07E433D857A3}","{639D8CF2-2CBB-4F7E-B68D-DF40C378CE65}",
"{FD23A297-60C1-4C59-8C02-C65737DEF76B}","{E50F1FC3-632B-4D7E-AF95-5FD9BD042662}",
"{172D3878-D602-4EAF-9DA1-AEA34EFB1170}","{E50F1FC3-632B-4D7E-AF95-5FD9BD042662}",
"{36B60252-CC71-4717-BCBA-437A31742863}","{E50F1FC3-632B-4D7E-AF95-5FD9BD042662}",
"{C0EE899F-2660-4371-83A5-106B89AC4D46}","{E50F1FC3-632B-4D7E-AF95-5FD9BD042662}",
"{9FFE04B9-6E5F-462D-BB1E-0B287D59A041}","{639D8CF2-2CBB-4F7E-B68D-DF40C378CE65}",
"{4C7115BB-5768-4E24-93CC-D6B4FB1BC75F}","{639D8CF2-2CBB-4F7E-B68D-DF40C378CE65}",
"{4F097CF2-A37F-4A6D-B58F-86BB6C832882}","{639D8CF2-2CBB-4F7E-B68D-DF40C378CE65}",
"{B62A6553-4F21-408A-86A9-03520473EDEA}","{639D8CF2-2CBB-4F7E-B68D-DF40C378CE65}",
"{AF093EB5-3E8F-4028-9BAA-EC0BB1F24945}","{639D8CF2-2CBB-4F7E-B68D-DF40C378CE65}",
"{62F52043-3933-46B4-B0A6-8FB7A3498306}","{639D8CF2-2CBB-4F7E-B68D-DF40C378CE65}",
"{BCC575D9-1502-42B9-92AC-FF0AA42F25E2}","{639D8CF2-2CBB-4F7E-B68D-DF40C378CE65}",
"{C90B6729-DD49-4F62-9F21-19FC9604772F}","{639D8CF2-2CBB-4F7E-B68D-DF40C378CE65}",
"{D6D59B82-2B45-4B72-B36E-742EDF2F64B2}","{639D8CF2-2CBB-4F7E-B68D-DF40C378CE65}",
"{D786869F-1271-4458-8569-4DFEC36EF15E}","{639D8CF2-2CBB-4F7E-B68D-DF40C378CE65}",
"{61711C89-B7C7-4B77-9CFA-B08E2FD227E2}","{639D8CF2-2CBB-4F7E-B68D-DF40C378CE65}",
"{20675FCE-A6B9-4026-B50C-CE579C8256EA}","{639D8CF2-2CBB-4F7E-B68D-DF40C378CE65}",
"{058D0BA1-EA55-4DEA-B6A1-E9E2A68FB951}","{639D8CF2-2CBB-4F7E-B68D-DF40C378CE65}",
"{F4F683A1-B20D-4F38-A9DD-BDD3BEA8E14D}","{B550BDF2-0127-43C4-BF1F-C41A62031821}",
"{80CDAB88-ECCA-4396-AE9D-3EB7F56BF2B1}","{B550BDF2-0127-43C4-BF1F-C41A62031821}",
"{E6D7E400-9B31-4D13-A0F6-32AADE96BE1B}","{B550BDF2-0127-43C4-BF1F-C41A62031821}",
"{BBF51AEB-3CC2-4EF1-948E-22723D9428AB}","{B550BDF2-0127-43C4-BF1F-C41A62031821}",
"{CD8CCFAE-EC12-4206-8691-16BB40A1BFDA}","{B550BDF2-0127-43C4-BF1F-C41A62031821}",
"{AF2CDD53-C871-4AE0-A5FC-82480A740320}","{B550BDF2-0127-43C4-BF1F-C41A62031821}",
"{E2FAD969-D36D-4057-9EAE-ECE666C01239}","{B550BDF2-0127-43C4-BF1F-C41A62031821}",
"{F39FD16F-75CE-4384-9519-82375C142691}","{B550BDF2-0127-43C4-BF1F-C41A62031821}",
"{88D5D2B7-26EB-42DB-A74D-15677D1A412A}","{639D8CF2-2CBB-4F7E-B68D-DF40C378CE65}",
"{88D5D2B7-26EB-42DB-A74D-15677D1A412A}","{B550BDF2-0127-43C4-BF1F-C41A62031821}",
"{DB3B491B-991F-49DC-904C-6B05E8B8E8EB}","{639D8CF2-2CBB-4F7E-B68D-DF40C378CE65}",
"{DB3B491B-991F-49DC-904C-6B05E8B8E8EB}","{B550BDF2-0127-43C4-BF1F-C41A62031821}",
"{114675EA-46F5-4A5C-A5BE-1F97D5D6CC76}","{639D8CF2-2CBB-4F7E-B68D-DF40C378CE65}",
"{114675EA-46F5-4A5C-A5BE-1F97D5D6CC76}","{B550BDF2-0127-43C4-BF1F-C41A62031821}",
"{CCF9161C-A2EA-4259-B7BC-3BFA2AF9A32A}","{639D8CF2-2CBB-4F7E-B68D-DF40C378CE65}",
"{CCF9161C-A2EA-4259-B7BC-3BFA2AF9A32A}","{B550BDF2-0127-43C4-BF1F-C41A62031821}",
"{4210376F-561F-4500-A1F6-6BADEFA1268B}","{639D8CF2-2CBB-4F7E-B68D-DF40C378CE65}",
"{4210376F-561F-4500-A1F6-6BADEFA1268B}","{B550BDF2-0127-43C4-BF1F-C41A62031821}",
"{4941209D-1304-4117-A8C5-72B8BF0A2CB7}","{639D8CF2-2CBB-4F7E-B68D-DF40C378CE65}",
"{4941209D-1304-4117-A8C5-72B8BF0A2CB7}","{B550BDF2-0127-43C4-BF1F-C41A62031821}",
"{840E433C-065D-4401-AC88-9931AEF14097}","{639D8CF2-2CBB-4F7E-B68D-DF40C378CE65}",
"{840E433C-065D-4401-AC88-9931AEF14097}","{B550BDF2-0127-43C4-BF1F-C41A62031821}",
"{42E5AF2D-1680-4A85-9B3D-BE327A4DE7B6}","{B550BDF2-0127-43C4-BF1F-C41A62031821}",
"{42E5AF2D-1680-4A85-9B3D-BE327A4DE7B6}","{E50F1FC3-632B-4D7E-AF95-5FD9BD042662}",
"{42E5AF2D-1680-4A85-9B3D-BE327A4DE7B6}",,
"{BD9525EC-3DCA-4092-ABDE-0108B91DF1FE}","{B550BDF2-0127-43C4-BF1F-C41A62031821}",
"{C36FE9AE-362E-4FBA-A2DA-5D2A7BCD3603}","{639D8CF2-2CBB-4F7E-B68D-DF40C378CE65}",
"{C36FE9AE-362E-4FBA-A2DA-5D2A7BCD3603}","{B550BDF2-0127-43C4-BF1F-C41A62031821}",
"{FD23A297-60C1-4C59-8C02-C65737DEF76B}","{639D8CF2-2CBB-4F7E-B68D-DF40C378CE65}",
"{172D3878-D602-4EAF-9DA1-AEA34EFB1170}","{B550BDF2-0127-43C4-BF1F-C41A62031821}",
"{C0EE899F-2660-4371-83A5-106B89AC4D46}","{B550BDF2-0127-43C4-BF1F-C41A62031821}",
"{36B60252-CC71-4717-BCBA-437A31742863}","{B550BDF2-0127-43C4-BF1F-C41A62031821}",
"{9FFE04B9-6E5F-462D-BB1E-0B287D59A041}","{B550BDF2-0127-43C4-BF1F-C41A62031821}",
"{4C7115BB-5768-4E24-93CC-D6B4FB1BC75F}","{B550BDF2-0127-43C4-BF1F-C41A62031821}",
"{DF293CB4-7A0B-4CBF-B464-8B906E09F04F}","{639D8CF2-2CBB-4F7E-B68D-DF40C378CE65}",
"{DF293CB4-7A0B-4CBF-B464-8B906E09F04F}","{B550BDF2-0127-43C4-BF1F-C41A62031821}",
"{4F097CF2-A37F-4A6D-B58F-86BB6C832882}","{B550BDF2-0127-43C4-BF1F-C41A62031821}",
"{B62A6553-4F21-408A-86A9-03520473EDEA}","{B550BDF2-0127-43C4-BF1F-C41A62031821}",
"{AF093EB5-3E8F-4028-9BAA-EC0BB1F24945}","{B550BDF2-0127-43C4-BF1F-C41A62031821}",
"{BAA1456D-2B77-43B1-B8C1-F6B4299B49C7}","{B550BDF2-0127-43C4-BF1F-C41A62031821}",
"{62F52043-3933-46B4-B0A6-8FB7A3498306}","{B550BDF2-0127-43C4-BF1F-C41A62031821}",
"{BAA1456D-2B77-43B1-B8C1-F6B4299B49C7}","{639D8CF2-2CBB-4F7E-B68D-DF40C378CE65}",
"{67BB1197-DADE-4226-87AF-A2B72FA8B172}","{639D8CF2-2CBB-4F7E-B68D-DF40C378CE65}",
"{142D743C-710E-4153-BBEA-339928DD8B98}","{639D8CF2-2CBB-4F7E-B68D-DF40C378CE65}",
"{142D743C-710E-4153-BBEA-339928DD8B98}","{B550BDF2-0127-43C4-BF1F-C41A62031821}",
"{18030FC8-055E-476D-8CC4-382A7D030732}","{639D8CF2-2CBB-4F7E-B68D-DF40C378CE65}",
"{18030FC8-055E-476D-8CC4-382A7D030732}","{B550BDF2-0127-43C4-BF1F-C41A62031821}",
"{409B9AC9-662B-44C7-9F67-7D51FF93D91F}","{639D8CF2-2CBB-4F7E-B68D-DF40C378CE65}",
"{409B9AC9-662B-44C7-9F67-7D51FF93D91F}","{B550BDF2-0127-43C4-BF1F-C41A62031821}",
"{883891E0-10DA-41E7-AA99-E1729498046D}","{639D8CF2-2CBB-4F7E-B68D-DF40C378CE65}",
"{883891E0-10DA-41E7-AA99-E1729498046D}","{B550BDF2-0127-43C4-BF1F-C41A62031821}",
"{7B6D8C4E-BE0F-47E6-B981-091F204C0DCF}","{639D8CF2-2CBB-4F7E-B68D-DF40C378CE65}",
"{7B6D8C4E-BE0F-47E6-B981-091F204C0DCF}","{B550BDF2-0127-43C4-BF1F-C41A62031821}",
"{1FD078DE-BF0B-4FC2-9A06-C7D59840BE65}","{639D8CF2-2CBB-4F7E-B68D-DF40C378CE65}",
"{1FD078DE-BF0B-4FC2-9A06-C7D59840BE65}","{B550BDF2-0127-43C4-BF1F-C41A62031821}",
"{5B4E489E-E91E-4E64-8EB2-13884D2D97FF}","{639D8CF2-2CBB-4F7E-B68D-DF40C378CE65}",
"{5B4E489E-E91E-4E64-8EB2-13884D2D97FF}","{B550BDF2-0127-43C4-BF1F-C41A62031821}",
"{A940766D-733E-4CEC-8B81-32C2C892737E}","{B550BDF2-0127-43C4-BF1F-C41A62031821}",
"{A940766D-733E-4CEC-8B81-32C2C892737E}","{639D8CF2-2CBB-4F7E-B68D-DF40C378CE65}",
"{44888426-48BA-491E-B60F-D11B3B6DA795}","{639D8CF2-2CBB-4F7E-B68D-DF40C378CE65}",
"{44888426-48BA-491E-B60F-D11B3B6DA795}","{B550BDF2-0127-43C4-BF1F-C41A62031821}",
"{D393B118-4F63-4737-9D09-9B205A79A68C}","{639D8CF2-2CBB-4F7E-B68D-DF40C378CE65}",
"{D393B118-4F63-4737-9D09-9B205A79A68C}","{B550BDF2-0127-43C4-BF1F-C41A62031821}",
"{64601749-611F-403B-A6BE-FE4CF9EDD960}","{B550BDF2-0127-43C4-BF1F-C41A62031821}",
"{64601749-611F-403B-A6BE-FE4CF9EDD960}","{639D8CF2-2CBB-4F7E-B68D-DF40C378CE65}",
"{AFD06F5E-F83F-4C21-A045-5866AF35078C}","{639D8CF2-2CBB-4F7E-B68D-DF40C378CE65}",
"{AFD06F5E-F83F-4C21-A045-5866AF35078C}","{B550BDF2-0127-43C4-BF1F-C41A62031821}",
"{E04F76CF-5E20-40EC-920D-02862E8C3707}","{639D8CF2-2CBB-4F7E-B68D-DF40C378CE65}",
"{E04F76CF-5E20-40EC-920D-02862E8C3707}","{B550BDF2-0127-43C4-BF1F-C41A62031821}",
"{0A59E049-2051-40CD-8D3B-6A51FA37376B}","{639D8CF2-2CBB-4F7E-B68D-DF40C378CE65}",
"{0A59E049-2051-40CD-8D3B-6A51FA37376B}","{B550BDF2-0127-43C4-BF1F-C41A62031821}",
"{23353557-ADE0-45EC-9A2A-66BDE937DB24}","{639D8CF2-2CBB-4F7E-B68D-DF40C378CE65}",
"{23353557-ADE0-45EC-9A2A-66BDE937DB24}","{B550BDF2-0127-43C4-BF1F-C41A62031821}",
"{ABAABF2E-5D98-4E3E-AE04-67B9D4D03783}","{639D8CF2-2CBB-4F7E-B68D-DF40C378CE65}",
"{156FC0C0-DBA6-4DE0-BD06-0B532AD81547}","{639D8CF2-2CBB-4F7E-B68D-DF40C378CE65}",
"{DCEC63C8-72E0-4120-A09F-3933EDB97C7F}","{639D8CF2-2CBB-4F7E-B68D-DF40C378CE65}",
"{710AFA73-B794-4DA5-96D2-ABC43F344B31}","{639D8CF2-2CBB-4F7E-B68D-DF40C378CE65}",
"{773B98F5-3450-4FDF-8842-7AFCAB0A82D7}","{4161D0ED-2865-4BFA-ADC0-1A7D8F905777}",
"{7A369F3E-824B-4266-9779-ED63220387B3}","{4161D0ED-2865-4BFA-ADC0-1A7D8F905777}",
"{4A5D9C0D-B103-4A20-84C1-15CF075258AC}","{4161D0ED-2865-4BFA-ADC0-1A7D8F905777}",
"{93D5CED2-26AB-47BF-A4D7-CA5B768A58CF}","{4161D0ED-2865-4BFA-ADC0-1A7D8F905777}",
"{E40F3C1C-331E-4111-91FF-EEA99D446E06}","{4161D0ED-2865-4BFA-ADC0-1A7D8F905777}",
"{BBC3F8D4-8243-4E27-9FD1-4519E23C6E43}","{4161D0ED-2865-4BFA-ADC0-1A7D8F905777}",
"{7BAE6CCB-765A-4637-9E2C-276C52DCF6E8}","{4161D0ED-2865-4BFA-ADC0-1A7D8F905777}",
"{D3AFA285-C230-4071-9710-51383F0273AF}","{4161D0ED-2865-4BFA-ADC0-1A7D8F905777}",
"{D3AFA285-C230-4071-9710-51383F0273AF}","{B6F56AC0-F1FD-4829-884F-075DEE064307}",
"{37DC0169-3211-4AEF-80AE-A440F6A0D69B}","{4161D0ED-2865-4BFA-ADC0-1A7D8F905777}",
"{ECF1D319-C392-48BF-A7C6-CA8DA813B18F}","{4161D0ED-2865-4BFA-ADC0-1A7D8F905777}",
"{085A5BF7-3968-431B-8248-0CE3F70F7599}","{4161D0ED-2865-4BFA-ADC0-1A7D8F905777}",
"{99EBBC6F-EA90-42B9-AE1E-14D98B0D5B47}","{4161D0ED-2865-4BFA-ADC0-1A7D8F905777}",
"{2C0CAD2F-4B0D-4BD6-AC43-25E23149D603}","{4161D0ED-2865-4BFA-ADC0-1A7D8F905777}",
"{BDF245E1-348E-4498-A19F-837B86449631}","{4161D0ED-2865-4BFA-ADC0-1A7D8F905777}",
"{84B8B813-BDB5-4139-9FF5-C4B702B21B68}","{4161D0ED-2865-4BFA-ADC0-1A7D8F905777}",
"{469669B4-11E8-4746-9440-EE1D7F7BF442}","{4161D0ED-2865-4BFA-ADC0-1A7D8F905777}",
"{DAFD893B-9926-4760-8376-9F2DCDF900B7}","{4161D0ED-2865-4BFA-ADC0-1A7D8F905777}",
"{B60C94BA-7441-4D4F-B860-541477DA35AA}","{4161D0ED-2865-4BFA-ADC0-1A7D8F905777}",
"{E182B4DD-438A-4AC4-80A3-B8A8E0A58C89}","{4161D0ED-2865-4BFA-ADC0-1A7D8F905777}",
"{6C27A3BE-5E40-43C0-AF15-680357020DB5}","{4161D0ED-2865-4BFA-ADC0-1A7D8F905777}",
"{480288D0-319D-480D-982F-5BEEF0553E85}","{4161D0ED-2865-4BFA-ADC0-1A7D8F905777}",
"{37D55FB4-DFFE-4619-94F2-0E2A2A0E8EEF}","{4161D0ED-2865-4BFA-ADC0-1A7D8F905777}",
"{3E8F1EB1-89FC-4402-AA81-7E3382CED8EB}","{4161D0ED-2865-4BFA-ADC0-1A7D8F905777}",
"{B06A098D-2B72-48B2-99C8-EE1CECA1D8D7}","{4161D0ED-2865-4BFA-ADC0-1A7D8F905777}",
"{F23A3910-0D13-4612-9F03-5FDF4DCFB90F}","{4161D0ED-2865-4BFA-ADC0-1A7D8F905777}",
"{EE6FF96D-B364-4147-8BF6-ABE76BB809EB}","{4161D0ED-2865-4BFA-ADC0-1A7D8F905777}",
"{0B124227-1A5D-44EE-9977-03C53D4BD09F}","{4161D0ED-2865-4BFA-ADC0-1A7D8F905777}",
"{6AF74D4F-A591-461E-BA24-757EEA0728A2}","{4161D0ED-2865-4BFA-ADC0-1A7D8F905777}",
"{008588CA-42EF-49BA-BA84-85F1D33671D1}","{4161D0ED-2865-4BFA-ADC0-1A7D8F905777}",
"{590014B5-1192-4ABD-B700-987B6F58C2D8}","{4161D0ED-2865-4BFA-ADC0-1A7D8F905777}",
"{9BA99E42-C0A8-4833-9250-A3B3BF6E3632}","{4161D0ED-2865-4BFA-ADC0-1A7D8F905777}",
"{8737F2F8-981C-49FE-841C-50E9A9E471A3}","{4161D0ED-2865-4BFA-ADC0-1A7D8F905777}","OBSERVER"
"{7DA089E8-8687-4ABF-9B85-FD4400E6BCB7}","{4161D0ED-2865-4BFA-ADC0-1A7D8F905777}",
"{B2261E6F-BA38-422F-A648-29227C8AEDB1}","{4161D0ED-2865-4BFA-ADC0-1A7D8F905777}",
"{24A65DA4-C519-4DD6-9699-FFDB33891BD9}","{4161D0ED-2865-4BFA-ADC0-1A7D8F905777}",
"{8ACEA6E0-04B0-4418-8BE5-46ADCB95939C}","{4161D0ED-2865-4BFA-ADC0-1A7D8F905777}",
"{69EF9A14-5644-4C43-BA80-30824FE6FA81}","{4161D0ED-2865-4BFA-ADC0-1A7D8F905777}",
"{F26C57F5-DEE9-49B2-A1C5-5156857D1B20}","{4161D0ED-2865-4BFA-ADC0-1A7D8F905777}",
"{28C49954-65DF-4D81-8E10-340C90039508}","{4161D0ED-2865-4BFA-ADC0-1A7D8F905777}",
"{D96BDAE3-6689-4280-8C66-D69622ADE4D4}","{4161D0ED-2865-4BFA-ADC0-1A7D8F905777}",
"{ADD4395B-3BB0-4BD0-8736-7941319AE5C4}","{4161D0ED-2865-4BFA-ADC0-1A7D8F905777}",
"{E4F1ABFF-840C-4EDF-9569-E60DEA064C2F}","{4161D0ED-2865-4BFA-ADC0-1A7D8F905777}",
"{02DC632E-188D-4352-828E-D4CB9E48A8AB}","{4161D0ED-2865-4BFA-ADC0-1A7D8F905777}",
"{2DF41C5B-A2ED-4DA1-8944-D6C4FF6A82ED}","{4161D0ED-2865-4BFA-ADC0-1A7D8F905777}",
"{444F93E4-4D04-43F6-8CA3-F86CAFA3FDB7}","{4161D0ED-2865-4BFA-ADC0-1A7D8F905777}",
"{019AB635-BE6F-4945-9229-675C56975B04}","{4161D0ED-2865-4BFA-ADC0-1A7D8F905777}",
"{82A96BDE-F8E3-4627-B3CF-DF563C3C7752}","{4161D0ED-2865-4BFA-ADC0-1A7D8F905777}",
"{0AB9A1B5-78F7-47BE-914F-D58E52EC0B9E}","{4161D0ED-2865-4BFA-ADC0-1A7D8F905777}",
"{B09A7E47-56F9-40A8-B2B2-54CDBED1AFE2}","{4161D0ED-2865-4BFA-ADC0-1A7D8F905777}",
"{D12F5B2E-3262-48A3-AF15-78AA4431701D}","{4161D0ED-2865-4BFA-ADC0-1A7D8F905777}",
"{C26EAC8D-8445-4864-901B-CD00F983949F}","{4161D0ED-2865-4BFA-ADC0-1A7D8F905777}",
"{0EBCB17E-F656-4695-A977-81C3D9BA0503}","{4161D0ED-2865-4BFA-ADC0-1A7D8F905777}",
"{BC3C6F76-0889-4CDC-A343-98B751064281}","{4161D0ED-2865-4BFA-ADC0-1A7D8F905777}",
"{83F0A1C2-ABD3-4989-8FEB-D43C425FE8DF}","{4161D0ED-2865-4BFA-ADC0-1A7D8F905777}",
"{A11BBE10-CE98-417C-9B0C-02AF8A9A6839}","{4161D0ED-2865-4BFA-ADC0-1A7D8F905777}",
"{4EF366B0-9567-4C6A-8C50-D3B195965627}","{4161D0ED-2865-4BFA-ADC0-1A7D8F905777}",
"{8BE171C5-6E95-43DD-81F9-1E1BD0BA6AF8}","{4161D0ED-2865-4BFA-ADC0-1A7D8F905777}",
"{4EA46558-1736-416A-A3C0-C7C76309F2E1}","{4161D0ED-2865-4BFA-ADC0-1A7D8F905777}",
"{DECA97E0-9CCD-4F81-BFE6-E3146616D32E}","{4161D0ED-2865-4BFA-ADC0-1A7D8F905777}",
"{0A1267D0-F5E4-4285-88C4-08E2C04634BB}","{4161D0ED-2865-4BFA-ADC0-1A7D8F905777}",
"{C0424AD5-8360-4B9C-9489-48E60E3BCEC8}","{4161D0ED-2865-4BFA-ADC0-1A7D8F905777}",
"{47369D7F-1424-444D-986D-74247DBD737B}","{4161D0ED-2865-4BFA-ADC0-1A7D8F905777}",
"{6089ED57-1A51-43A0-9112-9FE099A73EC8}","{4161D0ED-2865-4BFA-ADC0-1A7D8F905777}",
"{FB9DD116-53B5-4EE1-8AE8-AF0C00DDA74D}","{4161D0ED-2865-4BFA-ADC0-1A7D8F905777}",
"{AD03DA0D-D8C1-442F-88BB-537D8B678CD5}","{4161D0ED-2865-4BFA-ADC0-1A7D8F905777}",
"{59B06B7B-2340-481C-B3DC-AD6B0B3816E6}","{4161D0ED-2865-4BFA-ADC0-1A7D8F905777}",
"{315FC4B0-2C70-46DA-8673-712956E0F35B}","{4161D0ED-2865-4BFA-ADC0-1A7D8F905777}",
"{EB07A0F0-799C-4DEB-A06F-B314B524B6DC}","{4161D0ED-2865-4BFA-ADC0-1A7D8F905777}",
"{D8E447EB-15F5-4A25-9C16-A4F5F7078013}","{4161D0ED-2865-4BFA-ADC0-1A7D8F905777}",
"{DBB01E66-46BF-44F0-80ED-18D247175D7B}","{4161D0ED-2865-4BFA-ADC0-1A7D8F905777}",
"{7616A60C-6AF0-45EF-8D80-F54B58398609}","{4161D0ED-2865-4BFA-ADC0-1A7D8F905777}",
"{1EBC8B9B-ED7E-4F3C-94CA-A597C8539257}","{4161D0ED-2865-4BFA-ADC0-1A7D8F905777}",
"{68FE792E-058E-4540-A067-255B188FE258}","{4161D0ED-2865-4BFA-ADC0-1A7D8F905777}",
"{744B77F5-1798-4C14-96F9-BF5E4D8B9B6F}","{4161D0ED-2865-4BFA-ADC0-1A7D8F905777}",
"{79E0FCA2-DF28-43DD-B9F2-92666965B5A6}","{4161D0ED-2865-4BFA-ADC0-1A7D8F905777}",
"{543F797D-06B4-4644-816D-772A54F607F2}","{4161D0ED-2865-4BFA-ADC0-1A7D8F905777}",
"{3EC77677-21D5-4496-BD0F-63AB7596AEA0}","{4161D0ED-2865-4BFA-ADC0-1A7D8F905777}",
"{38786B2C-E9D6-4534-AFEB-6D2CF5E49543}","{4161D0ED-2865-4BFA-ADC0-1A7D8F905777}",
"{463C8EAB-E6B2-438F-9336-6E2354944600}","{4161D0ED-2865-4BFA-ADC0-1A7D8F905777}",
"{B62E7F15-1452-4D8B-84F4-30634F3AD03C}","{4161D0ED-2865-4BFA-ADC0-1A7D8F905777}","observer"
"{5B515F6C-D2A6-49D1-BBE3-43051A9E1DC4}","{4161D0ED-2865-4BFA-ADC0-1A7D8F905777}","OBSERVER"
"{667E2A06-D3F9-4FA4-B570-AE0277A9B73F}","{4161D0ED-2865-4BFA-ADC0-1A7D8F905777}","OBSERVER"
"{F359B531-0932-4F46-B6C6-D7B48AEDECAC}","{4161D0ED-2865-4BFA-ADC0-1A7D8F905777}","OBSERVER"
"{E4DD5A58-600E-416F-A0AC-B24917170F9A}","{4161D0ED-2865-4BFA-ADC0-1A7D8F905777}","OBSERVER"
"{8D0FA0E5-8EF3-488B-BAA8-3218B39700C1}","{4161D0ED-2865-4BFA-ADC0-1A7D8F905777}","OBSERVER"
"{B145EBBC-9E50-471A-8D65-28CBEC95CECA}","{4161D0ED-2865-4BFA-ADC0-1A7D8F905777}","OBSERVER"
"{755FB1F8-B979-4495-9C49-BEF5AF16DD69}","{4161D0ED-2865-4BFA-ADC0-1A7D8F905777}","observer"
"{7A413D3F-6C91-47DD-8AD4-911B3D6D4A50}","{4161D0ED-2865-4BFA-ADC0-1A7D8F905777}",
"{01E85633-7531-46B3-BA03-3AD87C538D42}","{4161D0ED-2865-4BFA-ADC0-1A7D8F905777}",
"{49CA441F-087D-4A1B-A46A-3D9D877B0665}","{4161D0ED-2865-4BFA-ADC0-1A7D8F905777}","OBSERVER"
"{9851E080-7157-428A-ACDE-A77D229A3EF0}","{4161D0ED-2865-4BFA-ADC0-1A7D8F905777}","OBSERVER"
"{226159D6-C029-481A-A3C3-B24B303498D8}","{4161D0ED-2865-4BFA-ADC0-1A7D8F905777}","observer/data"
"{9D378AA7-728B-4D02-A780-256E5D493C59}","{4161D0ED-2865-4BFA-ADC0-1A7D8F905777}","observer/data"
"{D4DFFC89-F32B-488D-BFBA-D397043098D8}","{4161D0ED-2865-4BFA-ADC0-1A7D8F905777}","OBSERVER/DATA"
"{FC0779A7-5D8B-4EE0-B544-F89E84D0193D}","{4161D0ED-2865-4BFA-ADC0-1A7D8F905777}","observer/data"
"{3F2D9D38-EFE8-441E-81A6-4A453D5B88BF}","{4161D0ED-2865-4BFA-ADC0-1A7D8F905777}","observer/data"
"{67B3E93F-6EB7-422E-885D-B03F2D37CA0E}","{4161D0ED-2865-4BFA-ADC0-1A7D8F905777}","observer"
"{036EEFE3-127D-44BB-8678-2370CD8D6779}","{4161D0ED-2865-4BFA-ADC0-1A7D8F905777}",
"{CC7D1F92-F2FF-414D-8099-76FAC14E4F5A}","{4161D0ED-2865-4BFA-ADC0-1A7D8F905777}","OBSERVER"
"{71A27303-9E0D-4938-B07D-5B229431AC56}","{4161D0ED-2865-4BFA-ADC0-1A7D8F905777}","oberver"
"{37C9BA36-DD84-4E95-9C15-CDE312493336}","{4161D0ED-2865-4BFA-ADC0-1A7D8F905777}","observer"
"{F910D061-F308-446F-9CF4-D8B05C584D1F}","{4161D0ED-2865-4BFA-ADC0-1A7D8F905777}","observer"
"{1B892A6B-2A36-45D6-8AF0-E2396E80B18F}","{4161D0ED-2865-4BFA-ADC0-1A7D8F905777}","observer"
"{D97E6C4C-03B5-4210-BE43-D4A5DFC2D640}","{4161D0ED-2865-4BFA-ADC0-1A7D8F905777}","observer"
"{653FFE47-6892-475C-8723-90C713A5E8DE}","{4161D0ED-2865-4BFA-ADC0-1A7D8F905777}","observer"
"{732AD773-5060-4078-9494-1FFC23EB8DD4}","{4161D0ED-2865-4BFA-ADC0-1A7D8F905777}","OBSERVER"
"{BCA2A68D-015C-4B01-B557-403895843944}","{4161D0ED-2865-4BFA-ADC0-1A7D8F905777}","OBSERVER"
"{6DFF74E0-5C00-4FBC-9A61-B6DF4119D393}","{4161D0ED-2865-4BFA-ADC0-1A7D8F905777}","OBSERVER"
"{2AEA4B6D-F95B-4498-8564-F5A5FC9EA4E9}","{4161D0ED-2865-4BFA-ADC0-1A7D8F905777}","observer"
"{140CA8AA-2798-4A46-B227-A739168F4198}","{4161D0ED-2865-4BFA-ADC0-1A7D8F905777}","OBSERVER"
"{B76DFD8B-017E-493F-9AE9-05A35BBED36A}","{4161D0ED-2865-4BFA-ADC0-1A7D8F905777}","observer"
"{D0B3EF04-07AC-45FE-B44F-3A2CD3935799}","{4161D0ED-2865-4BFA-ADC0-1A7D8F905777}","observer"
"{BA37A5AC-98AF-426D-9D29-FA501E393F6C}","{4161D0ED-2865-4BFA-ADC0-1A7D8F905777}","observer"
"{4D7A7AF1-BA66-450E-B47E-A909130F5469}","{4161D0ED-2865-4BFA-ADC0-1A7D8F905777}","observer"
"{D044E359-F7DB-4CA6-B28D-2712F41D42A8}","{4161D0ED-2865-4BFA-ADC0-1A7D8F905777}","observer"
"{BAF1AC7D-4FBC-4DD8-948E-77F008FC9650}","{4161D0ED-2865-4BFA-ADC0-1A7D8F905777}","observer"
"{722B93E6-8570-4FCA-B5E6-E4255AD36746}","{4161D0ED-2865-4BFA-ADC0-1A7D8F905777}","observer"
"{48AA37BA-5EB4-4380-981C-C89FF290AE47}","{4161D0ED-2865-4BFA-ADC0-1A7D8F905777}","observer"
"{DF6AA428-1AAE-441D-B350-6E7EC62EF232}","{4161D0ED-2865-4BFA-ADC0-1A7D8F905777}","observer"
"{ECBC2A72-4ECD-419B-A420-64BF5B6590F7}","{4161D0ED-2865-4BFA-ADC0-1A7D8F905777}","observer"
"{2E263F2D-6189-4B25-823E-2E9EC514D16A}","{4161D0ED-2865-4BFA-ADC0-1A7D8F905777}","oberver"
"{BCD24D82-53EC-455C-A401-A8189167B180}","{4161D0ED-2865-4BFA-ADC0-1A7D8F905777}","observer"
"{88F5F932-92D9-4E39-8208-04524E70BD41}","{4161D0ED-2865-4BFA-ADC0-1A7D8F905777}","observer"
"{29464B37-C0FF-4CD4-8CD6-5F883BA4C130}","{4161D0ED-2865-4BFA-ADC0-1A7D8F905777}","observer"
"{0A7A3C69-C9D4-4323-8766-EBD0A071101D}","{4161D0ED-2865-4BFA-ADC0-1A7D8F905777}","observer"
"{FE045BB5-CC8B-4BC9-9A6B-778CBD9B0AAF}","{4161D0ED-2865-4BFA-ADC0-1A7D8F905777}","observer"
"{BF6A0F5D-7236-4D0B-A575-AE03E1B62FCE}","{4161D0ED-2865-4BFA-ADC0-1A7D8F905777}","observer"
"{8D3ED2AD-26AC-43EA-8F4C-BBCDDBA7749E}","{4161D0ED-2865-4BFA-ADC0-1A7D8F905777}","observer"
"{8620E3EC-3A0F-4DAA-8361-0EE0F325D537}","{4161D0ED-2865-4BFA-ADC0-1A7D8F905777}","observer"
"{4D9D0A5B-10EB-4A69-B3BA-C4C8670D64E4}","{4161D0ED-2865-4BFA-ADC0-1A7D8F905777}","observer"
"{38605DA0-181F-4A14-9E2F-8BEA030F20F4}","{4161D0ED-2865-4BFA-ADC0-1A7D8F905777}","OBSERVER"
"{D8C282DD-9DAA-4113-9D83-B35AA1DD18AE}","{4161D0ED-2865-4BFA-ADC0-1A7D8F905777}","observer"
"{3033C204-1ACC-4931-A486-CAD78F287C19}","{4161D0ED-2865-4BFA-ADC0-1A7D8F905777}","OBSERVER"
"{921F9518-01B8-4DAC-A25A-C22D9CA346EC}","{4161D0ED-2865-4BFA-ADC0-1A7D8F905777}","OBSERVER"
"{21B7FA2E-265F-47BC-A5CD-9E6FDD83B974}","{4161D0ED-2865-4BFA-ADC0-1A7D8F905777}","OBSERVER"
"{580EEA69-AA60-40B1-8CFF-E4ADAC04A377}","{4161D0ED-2865-4BFA-ADC0-1A7D8F905777}","OBSERVER"
"{1BEB8BEB-10F2-464A-A6B9-BF3C600D36E4}","{4161D0ED-2865-4BFA-ADC0-1A7D8F905777}","observer"
"{283A4490-C448-4537-BA65-839D88299207}","{4161D0ED-2865-4BFA-ADC0-1A7D8F905777}","OBSERVER"
"{6F47DB59-17F5-4657-8CF6-52487E78FE0A}","{4161D0ED-2865-4BFA-ADC0-1A7D8F905777}","OBSERVER"
"{0E7211AC-97EF-4FCC-BE23-DD662CCF30B0}","{4161D0ED-2865-4BFA-ADC0-1A7D8F905777}","OBSERVER"
"{D6A0EC55-351E-4746-AC34-F2935C415FBC}","{4161D0ED-2865-4BFA-ADC0-1A7D8F905777}","observer"
"{A96E47E8-45B1-492D-934B-2413E194CF43}","{4161D0ED-2865-4BFA-ADC0-1A7D8F905777}","observer"
"{2583978A-C981-42C3-A6E4-0346B5C983BC}","{4161D0ED-2865-4BFA-ADC0-1A7D8F905777}","OBSERVER"
"{275D4261-F74F-4A43-AED8-8BA3531D10AC}","{4161D0ED-2865-4BFA-ADC0-1A7D8F905777}","OBSERVER"
"{9CDE1895-0131-421D-9AF2-29AA8384F46A}","{4161D0ED-2865-4BFA-ADC0-1A7D8F905777}","observer"
"{1F2E5944-33C1-4EC9-97F1-E308A87761B2}","{4161D0ED-2865-4BFA-ADC0-1A7D8F905777}","observer"
"{BE4035BE-3B2F-4528-AB85-5353EA6F25D1}","{4161D0ED-2865-4BFA-ADC0-1A7D8F905777}","OBSERVER"
"{2AB0A7E4-D569-4EFA-9944-5B49CD80B710}","{4161D0ED-2865-4BFA-ADC0-1A7D8F905777}","OBSERVER"
"{4DB1C094-A373-4CDD-BA17-51AB24E8B144}","{4161D0ED-2865-4BFA-ADC0-1A7D8F905777}","observer"
"{647A9650-CED6-4E0E-BC39-97286A4255C9}","{4161D0ED-2865-4BFA-ADC0-1A7D8F905777}","observer"
"{1CCAFE25-3F18-407D-9185-33154A37E762}","{4161D0ED-2865-4BFA-ADC0-1A7D8F905777}","observer"
"{41F72D55-39D7-4817-B8AA-E183F88E0326}","{4161D0ED-2865-4BFA-ADC0-1A7D8F905777}","OBSERVER"
"{B221EBFF-821A-493C-ABE3-3331B71CD454}","20080728111745-579518616.199493","observer"
"{57A78BB7-757B-415A-A5B7-66B62F24179A}","{4161D0ED-2865-4BFA-ADC0-1A7D8F905777}","observer"
"{48B8F586-1311-4501-A08F-013C610F7E7F}","{4161D0ED-2865-4BFA-ADC0-1A7D8F905777}","observer"
"{A9609855-93A6-4A17-B04F-EA6CA6B83D8F}","{4161D0ED-2865-4BFA-ADC0-1A7D8F905777}","observer"
"{4287B3DE-EB4B-4989-A0A3-C57D059FABA7}","{4161D0ED-2865-4BFA-ADC0-1A7D8F905777}","observer"
"{72F3DC12-0919-4FC7-96C4-17FEDE33A74C}","{4161D0ED-2865-4BFA-ADC0-1A7D8F905777}","observer"
"{12F40D7D-5C82-4C55-A541-7DEC6360615E}","{4161D0ED-2865-4BFA-ADC0-1A7D8F905777}","observer"
"{CC4EA0EF-7786-40BE-BDF0-DE52EA877602}","{4161D0ED-2865-4BFA-ADC0-1A7D8F905777}","observer"
"{9AF2CEB1-84BE-4D51-9F5C-63CD0D185F53}","{4161D0ED-2865-4BFA-ADC0-1A7D8F905777}","observer"
"{4676B017-3D07-49DC-9741-D7C3CEB9009D}","{4161D0ED-2865-4BFA-ADC0-1A7D8F905777}","OBSERVER"
"{93032654-8153-4747-85DD-3B4F31765A6C}","{4161D0ED-2865-4BFA-ADC0-1A7D8F905777}","OBSERVER"
"{124418C9-EBCE-4023-8F18-01264D874D50}","{4161D0ED-2865-4BFA-ADC0-1A7D8F905777}","observer"
"{D5C2D5AF-6365-43F1-A65A-B6B43FA6D198}","{4161D0ED-2865-4BFA-ADC0-1A7D8F905777}","observer"
"{33380E8A-79DF-40F1-8008-63989EFBDBDB}","{4161D0ED-2865-4BFA-ADC0-1A7D8F905777}","obserrver"
"{17536734-DB77-4D95-AC25-F70182C2D913}","{4161D0ED-2865-4BFA-ADC0-1A7D8F905777}","observer"
"{C2B04A70-409E-4E80-8B61-BA349BBFD1E1}","{4161D0ED-2865-4BFA-ADC0-1A7D8F905777}","observer"
"{1B1BCE8D-CA8A-4264-BD52-57F6F6998CAB}","{4161D0ED-2865-4BFA-ADC0-1A7D8F905777}","observer"
"{FB992B84-152D-4BAC-AFAB-C6E9918ECB89}","{4161D0ED-2865-4BFA-ADC0-1A7D8F905777}","observer"
"{3BA27B6C-7CF2-44EB-A9C1-4A89AC393625}","{4161D0ED-2865-4BFA-ADC0-1A7D8F905777}","OBSERVER"
"{B7DADD68-1DB0-435B-8D7E-903CBC4FAF7B}","{4161D0ED-2865-4BFA-ADC0-1A7D8F905777}","OBSERVER"
"{34A1C21F-CFC5-4606-889A-700B2220F71A}","{4161D0ED-2865-4BFA-ADC0-1A7D8F905777}","OBSERVER"
"{F3701A25-DF44-4CB6-90E5-27AFF4CB0514}","{4161D0ED-2865-4BFA-ADC0-1A7D8F905777}","OBSERVER"
"{33109FFF-478A-41DC-8C13-0EE670D4EA40}","{4161D0ED-2865-4BFA-ADC0-1A7D8F905777}","OBSERVER"
"{9CD28873-2BB5-44D8-9330-2B1B0369E2C5}","{4161D0ED-2865-4BFA-ADC0-1A7D8F905777}",
"{46AFF040-EC53-4D26-8897-7296F96644D2}","{4161D0ED-2865-4BFA-ADC0-1A7D8F905777}",
"{CAF7C23F-BEF8-4B82-A11E-DADEC59FA31F}","{4161D0ED-2865-4BFA-ADC0-1A7D8F905777}",
"{29B88454-29E6-4FE2-AE3B-56930887F263}","{4161D0ED-2865-4BFA-ADC0-1A7D8F905777}",
"{62A54E08-742D-4420-8629-70A74C426A7C}","{4161D0ED-2865-4BFA-ADC0-1A7D8F905777}",
"{AFBE3F0B-B16B-48BD-AB13-3DF1BFB846A6}","{4161D0ED-2865-4BFA-ADC0-1A7D8F905777}",
"{5086AB93-F71D-4BE7-B659-D1B59D94B271}","{4161D0ED-2865-4BFA-ADC0-1A7D8F905777}",
"{B8293D08-FC8B-4E4E-9241-4150B7A94E54}","{4161D0ED-2865-4BFA-ADC0-1A7D8F905777}",
"{120234EB-580A-44E6-A08E-11DC82DC1CE9}","{4161D0ED-2865-4BFA-ADC0-1A7D8F905777}",
"{57377728-4962-4FF5-AE57-FE34278E035E}","{4161D0ED-2865-4BFA-ADC0-1A7D8F905777}","observer"
"{6D7A57A7-5A1D-465C-B523-DD8FA2CBA54A}","{4161D0ED-2865-4BFA-ADC0-1A7D8F905777}","observer"
"{A77C13A0-B546-4C84-B2A0-4A244D2E2252}","{4161D0ED-2865-4BFA-ADC0-1A7D8F905777}","observer"
"{E0311B31-736A-4264-98AA-E795D2FD7194}","{4161D0ED-2865-4BFA-ADC0-1A7D8F905777}","observer"
"{BE0D1DDC-BD01-4DBD-AF2D-850B72682C45}","{4161D0ED-2865-4BFA-ADC0-1A7D8F905777}","observer"
"{101F1D61-8D4A-46B3-84C3-9B8007DA3112}","{4161D0ED-2865-4BFA-ADC0-1A7D8F905777}","observer"
"{937C89B2-0764-4230-A3F6-9357723B1DE1}","{4161D0ED-2865-4BFA-ADC0-1A7D8F905777}","observer"
"{62513663-A552-4A42-BFE5-6BD892C512F0}","{4161D0ED-2865-4BFA-ADC0-1A7D8F905777}","observer"
"{BEF44126-38F3-467C-925C-D16FA5385598}","{4161D0ED-2865-4BFA-ADC0-1A7D8F905777}","observer"
"{A74CA332-0F6A-441B-8A86-91A1E7BDBF0B}","{4161D0ED-2865-4BFA-ADC0-1A7D8F905777}","OBSERVER"
"{018C6EA2-ED5F-4D2F-9708-C9BD5C5B08A2}","{4161D0ED-2865-4BFA-ADC0-1A7D8F905777}","OBSERVER"
"{86BB42F6-4BF7-481B-A1B5-D5AC2287C717}","{4161D0ED-2865-4BFA-ADC0-1A7D8F905777}",
"{8DE57C21-C736-4BC4-BAD0-FB30A6C3C000}","{4161D0ED-2865-4BFA-ADC0-1A7D8F905777}",
"{89105556-63D2-4447-AD9D-7C01BD689C9D}","{4161D0ED-2865-4BFA-ADC0-1A7D8F905777}","OBSERVER"
"{6679B0BA-B58F-4BC3-928F-293519F6FC45}","{4161D0ED-2865-4BFA-ADC0-1A7D8F905777}","OBSERVER"
"{699D5329-2CA0-4CF4-8A1B-30ABF8460965}","{4161D0ED-2865-4BFA-ADC0-1A7D8F905777}","observer"
"{4141B883-B2BA-4D38-B035-5C1481CDED20}","{4161D0ED-2865-4BFA-ADC0-1A7D8F905777}","observer"
"{DEAE4120-3A82-4DE7-A63A-E35931FA2692}","{4161D0ED-2865-4BFA-ADC0-1A7D8F905777}","observer"
"{CE992102-1157-4A49-A021-378F26D5E8D5}","{4161D0ED-2865-4BFA-ADC0-1A7D8F905777}","observer"
"{68CE99A9-C357-4D73-BAB8-8453D76F0280}","{4161D0ED-2865-4BFA-ADC0-1A7D8F905777}","observer"
"{CE1868E5-EB3C-4F16-9363-094AC2DF777B}","{4161D0ED-2865-4BFA-ADC0-1A7D8F905777}","observer"
"{C5B5CA1A-DA33-48EE-9F59-5B20F07950D6}","{4161D0ED-2865-4BFA-ADC0-1A7D8F905777}","observer"
"{61A47B4B-DB06-471B-955F-4D58EC1C257E}","{4161D0ED-2865-4BFA-ADC0-1A7D8F905777}","observer"
"{3466E162-BA85-4FB1-8445-9C32445A33B6}","{4161D0ED-2865-4BFA-ADC0-1A7D8F905777}","observer"
"{ABB4F122-1F02-47C6-93C7-4886C5F0B134}","{4161D0ED-2865-4BFA-ADC0-1A7D8F905777}","observer"
"{938ADBA3-0607-4660-9950-6938E6EF071C}","{4161D0ED-2865-4BFA-ADC0-1A7D8F905777}","observer"
"{C438F0CB-D238-48A1-BC74-97518FBC1D54}","{4161D0ED-2865-4BFA-ADC0-1A7D8F905777}","observer"
"{F253B35E-DFBE-4C92-AFF6-27903B591404}","{4161D0ED-2865-4BFA-ADC0-1A7D8F905777}","observer"
"{EF94488D-E2F6-44B1-9416-55A73E9D8E84}","{4161D0ED-2865-4BFA-ADC0-1A7D8F905777}","observer"
"{53DE524C-F145-4283-9C82-04C718705397}","{4161D0ED-2865-4BFA-ADC0-1A7D8F905777}","observer"
"{7F1FAF9B-3FF5-4DDE-9779-A07B5F506CA1}","{4161D0ED-2865-4BFA-ADC0-1A7D8F905777}","observer"
"{A2A6D613-4157-4ABC-AC08-CF75C77498E0}","{4161D0ED-2865-4BFA-ADC0-1A7D8F905777}","observer"
"{7E404DA1-F93F-4F53-A921-C4BC24F5460B}","{4161D0ED-2865-4BFA-ADC0-1A7D8F905777}","observer"
"{224D5C5F-AA3A-4DB5-ACA6-08CD131E405D}","{4161D0ED-2865-4BFA-ADC0-1A7D8F905777}","observer"
"{CE90FF7A-265B-48A4-A7CB-D40001FD0537}","{4161D0ED-2865-4BFA-ADC0-1A7D8F905777}","observer"
"{98D102CD-9CC0-4517-951E-7DDED50D40D4}","{4161D0ED-2865-4BFA-ADC0-1A7D8F905777}","observer"
"{7BE862FF-1470-4108-9669-D3BEF44F125B}","{4161D0ED-2865-4BFA-ADC0-1A7D8F905777}","observer"
"{ABCE97B7-899D-4EE7-8DF2-01DAF99ED19A}","{4161D0ED-2865-4BFA-ADC0-1A7D8F905777}","observer"
"{CF0AD008-6B92-425B-8DA8-9B27A2A752AB}","{4161D0ED-2865-4BFA-ADC0-1A7D8F905777}","observer"
"{CDE7A510-5D77-4FAD-B308-9C86EA092CF4}","{4161D0ED-2865-4BFA-ADC0-1A7D8F905777}","observer"
"{B6DAE65C-E588-4447-B2EE-E76E831F5527}","{4161D0ED-2865-4BFA-ADC0-1A7D8F905777}","OBSERVER"
"{A1458500-8C91-4CCE-8C8C-66DB2F8DC9FF}","{4161D0ED-2865-4BFA-ADC0-1A7D8F905777}","OBSERVER"
"{16B72320-E7FE-404B-86E0-9970F3D71006}","{4161D0ED-2865-4BFA-ADC0-1A7D8F905777}","OBSERVER"
"{EB40D61C-9DC5-4560-91ED-7D2C1D195CB8}","{4161D0ED-2865-4BFA-ADC0-1A7D8F905777}","OBSERVER"
"{8EFA7208-0266-417A-918D-2F153B8D60E4}","{4161D0ED-2865-4BFA-ADC0-1A7D8F905777}","observer"
"{C5A81732-D0A9-4BE7-B598-F355005F9EB2}","{4161D0ED-2865-4BFA-ADC0-1A7D8F905777}","OBSERVER"
"{465586A0-365A-415E-9223-81AA7379636D}","{4161D0ED-2865-4BFA-ADC0-1A7D8F905777}","observer"
"{01042032-B979-4FB0-9A95-49DBECFDD36B}","{D7A47F2A-9EE9-4C0A-B5BF-BC8AD5ED7E1B}","observer"
"{58A9648A-D6E9-441B-8D3B-006660119BED}","{D7A47F2A-9EE9-4C0A-B5BF-BC8AD5ED7E1B}","observer"
"{2057F0FA-A7CD-4FC3-AC8F-77430021C569}","{D7A47F2A-9EE9-4C0A-B5BF-BC8AD5ED7E1B}","observer"
"{7469DC9B-660D-4066-9578-816422A25CDD}","{D7A47F2A-9EE9-4C0A-B5BF-BC8AD5ED7E1B}","observer"
"{9230689E-B1A3-45FB-85BE-98D38A049B6B}","{D7A47F2A-9EE9-4C0A-B5BF-BC8AD5ED7E1B}","observer"
"{D3958E9A-6322-4DED-AB4F-21B2A638B8D9}","{D7A47F2A-9EE9-4C0A-B5BF-BC8AD5ED7E1B}","observer"
"{2A04C171-5579-4BD1-B378-B8D0A77DEC58}","{D7A47F2A-9EE9-4C0A-B5BF-BC8AD5ED7E1B}","observer"
"{DD0FD9AF-1291-4631-9623-D74E57329260}","{D7A47F2A-9EE9-4C0A-B5BF-BC8AD5ED7E1B}","Observer"
"{16317B8C-38D9-4E3E-9B5A-BE59E06BF957}","{D7A47F2A-9EE9-4C0A-B5BF-BC8AD5ED7E1B}","Observer"
"{319CF964-1F4F-4F74-9F76-0ED98730F319}","{D7A47F2A-9EE9-4C0A-B5BF-BC8AD5ED7E1B}","Observer"
"{9E3F6C9F-3248-40B5-B523-98716AF7035A}","{D7A47F2A-9EE9-4C0A-B5BF-BC8AD5ED7E1B}","observer"
"{D0F169EA-213C-4B32-9E2D-3DC8C48BCE5C}","{D7A47F2A-9EE9-4C0A-B5BF-BC8AD5ED7E1B}","observer"
"{3EB5A0FC-84D9-4DE9-825F-9769B23B09C8}","{D7A47F2A-9EE9-4C0A-B5BF-BC8AD5ED7E1B}","observer"
"{E7553624-6429-40F7-86EB-C0174172A792}","{D7A47F2A-9EE9-4C0A-B5BF-BC8AD5ED7E1B}","observer"
"{1E02B780-5C34-4214-A7E6-948BB12164BF}",,
"{ABCE5078-17C7-4D1F-9C3D-2E410F2C9C6E}","{D7A47F2A-9EE9-4C0A-B5BF-BC8AD5ED7E1B}","observer"
"{88C0B179-7CBD-4E72-8DC0-A57705715E97}","{D7A47F2A-9EE9-4C0A-B5BF-BC8AD5ED7E1B}","observer"
"{0B6A61B0-2243-44C6-AF4C-2FE7A34373E3}","{D7A47F2A-9EE9-4C0A-B5BF-BC8AD5ED7E1B}","observer"
"{5335CAC1-B572-448B-A6B9-829C1ABDE6EA}","{D7A47F2A-9EE9-4C0A-B5BF-BC8AD5ED7E1B}","observer"
"{A1A3B5E4-6CD2-40ED-A016-E934A92593A1}","{D7A47F2A-9EE9-4C0A-B5BF-BC8AD5ED7E1B}","observer"
"{9955F695-0B3B-4F30-84DA-4729B1F7C2E3}","{D7A47F2A-9EE9-4C0A-B5BF-BC8AD5ED7E1B}","observer"
"{627CD931-C271-4556-8DBD-D98199C5570E}","{D7A47F2A-9EE9-4C0A-B5BF-BC8AD5ED7E1B}","observer"
"{D8BF68FF-777A-4CBC-B477-BF609DD89468}","{D7A47F2A-9EE9-4C0A-B5BF-BC8AD5ED7E1B}","observer"
"{9F0C268E-170B-4B1D-B448-EEC3A4A12579}","{D7A47F2A-9EE9-4C0A-B5BF-BC8AD5ED7E1B}","observer"
"{6F2D9F95-0898-418D-B6F5-DB47273CB0A1}","{D7A47F2A-9EE9-4C0A-B5BF-BC8AD5ED7E1B}","observer"
"{84B24012-F41B-4F78-94F4-9C7CA46AD252}","{D7A47F2A-9EE9-4C0A-B5BF-BC8AD5ED7E1B}","observer"
"{B95B3E62-66AC-4C79-8F4D-E066E52FCDB3}","{D7A47F2A-9EE9-4C0A-B5BF-BC8AD5ED7E1B}","Observer"
"{F41B20E2-E037-4D79-BFE0-C86A35D2131A}","{D7A47F2A-9EE9-4C0A-B5BF-BC8AD5ED7E1B}","observer"
"{02DC7158-8497-4731-9540-6C65305BB82C}","{D7A47F2A-9EE9-4C0A-B5BF-BC8AD5ED7E1B}","observer"
"{19072893-6044-4CA7-9916-FE7C5173A86B}","{D7A47F2A-9EE9-4C0A-B5BF-BC8AD5ED7E1B}","observer"
"{25DA9ABC-46C4-4817-9A41-A2EDBF227415}","{D7A47F2A-9EE9-4C0A-B5BF-BC8AD5ED7E1B}","observer"
"{4324FA46-CAE9-442A-8A8F-5946958C4072}","{D7A47F2A-9EE9-4C0A-B5BF-BC8AD5ED7E1B}","Observer"
"{3DFD9682-DA7F-4E3B-B581-5CCC1CC337C8}","{D7A47F2A-9EE9-4C0A-B5BF-BC8AD5ED7E1B}","observer"
"{7E575BF4-4776-4CED-B596-205D5D402E5D}","{D7A47F2A-9EE9-4C0A-B5BF-BC8AD5ED7E1B}","observer"
"{2456172B-78EE-4205-B944-92B32E3BBD38}","{D7A47F2A-9EE9-4C0A-B5BF-BC8AD5ED7E1B}","observer"
"{CDA9A3D6-4C5B-421D-994D-4CC9900D2284}","{D7A47F2A-9EE9-4C0A-B5BF-BC8AD5ED7E1B}","observer"
"{A741476A-3BCD-4190-979F-C930E359FB32}","{D7A47F2A-9EE9-4C0A-B5BF-BC8AD5ED7E1B}","observer"
"{183A5A7E-F0FF-4155-A2A8-145F5EF3C8CD}","{D7A47F2A-9EE9-4C0A-B5BF-BC8AD5ED7E1B}","observer"
"{A0454EBE-6742-48CC-948F-285C397EB4DD}","{D7A47F2A-9EE9-4C0A-B5BF-BC8AD5ED7E1B}","observer"
"{2B91E011-B3F6-4421-8F59-15B036C76DC4}","{D7A47F2A-9EE9-4C0A-B5BF-BC8AD5ED7E1B}","observer"
"{E2527A78-47E1-4075-921D-D3F637C38DE0}",,
"{EDD82994-EC75-4414-8C52-1DB944ADEF30}","{D7A47F2A-9EE9-4C0A-B5BF-BC8AD5ED7E1B}","observer"
"{EDD82994-EC75-4414-8C52-1DB944ADEF30}","{D1845CFF-B71B-4AC1-867B-0286062D5646}","observer"
"{5CED0B59-A278-489A-A1CB-E95DE780B44E}","{D7A47F2A-9EE9-4C0A-B5BF-BC8AD5ED7E1B}","observer"
"{5CED0B59-A278-489A-A1CB-E95DE780B44E}","{D1845CFF-B71B-4AC1-867B-0286062D5646}","observer"
"{15A2EF47-3C29-45AA-9A59-F58E1265FE52}","{D7A47F2A-9EE9-4C0A-B5BF-BC8AD5ED7E1B}","observer"
"{15A2EF47-3C29-45AA-9A59-F58E1265FE52}","{D1845CFF-B71B-4AC1-867B-0286062D5646}","observer"
"{55036704-AF61-470C-B6C5-0B9AC9128AE9}","{D7A47F2A-9EE9-4C0A-B5BF-BC8AD5ED7E1B}","observer"
"{55036704-AF61-470C-B6C5-0B9AC9128AE9}","{D1845CFF-B71B-4AC1-867B-0286062D5646}","observer"
"{55036704-AF61-470C-B6C5-0B9AC9128AE9}","{42EAE563-BD30-44C2-8D18-8ECF296CC00C}","observer"
"{65855BAC-FF70-4936-B938-42F7C3E40E86}","{D7A47F2A-9EE9-4C0A-B5BF-BC8AD5ED7E1B}","observer"
"{65855BAC-FF70-4936-B938-42F7C3E40E86}","{D1845CFF-B71B-4AC1-867B-0286062D5646}","observer"
"{65855BAC-FF70-4936-B938-42F7C3E40E86}","{42EAE563-BD30-44C2-8D18-8ECF296CC00C}","observer"
"{39921A59-66C5-4F80-A068-32BD7DB5DD77}","{D7A47F2A-9EE9-4C0A-B5BF-BC8AD5ED7E1B}","observer"
"{39921A59-66C5-4F80-A068-32BD7DB5DD77}","{D1845CFF-B71B-4AC1-867B-0286062D5646}","observer"
"{39921A59-66C5-4F80-A068-32BD7DB5DD77}","{42EAE563-BD30-44C2-8D18-8ECF296CC00C}","observer"
"{4A370F42-0772-4F7A-984A-6304A25E4228}","{D7A47F2A-9EE9-4C0A-B5BF-BC8AD5ED7E1B}","observer"
"{3924B72E-250A-4513-89CD-3C4BBA6C3377}","{D7A47F2A-9EE9-4C0A-B5BF-BC8AD5ED7E1B}","observer"
"{D15013C2-3E62-4606-85C6-35F4AA18CA32}","{D7A47F2A-9EE9-4C0A-B5BF-BC8AD5ED7E1B}","observer"
"{C4A10FD2-D191-4A33-AD63-4A34DAAEE82E}","{D7A47F2A-9EE9-4C0A-B5BF-BC8AD5ED7E1B}","observer"
"{DE2D521B-41D8-4F51-A035-C7F3A7E4FD8A}","{D7A47F2A-9EE9-4C0A-B5BF-BC8AD5ED7E1B}","observer"
"{FC86A49B-14DF-4541-B2A3-6B720FC591B6}","{D7A47F2A-9EE9-4C0A-B5BF-BC8AD5ED7E1B}","observer"
"{A22B5DBA-ACB3-45F7-AD89-F1839F1A57AD}","{D7A47F2A-9EE9-4C0A-B5BF-BC8AD5ED7E1B}","Observer"
"{4B1A1CDD-C2B5-4B78-9AFD-4EF611AA0B57}","{D7A47F2A-9EE9-4C0A-B5BF-BC8AD5ED7E1B}","Observer"
"{6144B152-EA8F-4766-B39A-5FED3FF309AD}","{D7A47F2A-9EE9-4C0A-B5BF-BC8AD5ED7E1B}","Observer"
"{C6D8B7DF-356E-433D-AB89-D514AAA8FD3C}","{D7A47F2A-9EE9-4C0A-B5BF-BC8AD5ED7E1B}","Observer"
"{218BE517-9154-448E-AEC6-ECFEED8A08A4}","{D7A47F2A-9EE9-4C0A-B5BF-BC8AD5ED7E1B}","Observer"
"{F3A8DBF6-BFB8-4D7E-89C8-4C22C998EF4C}","{D7A47F2A-9EE9-4C0A-B5BF-BC8AD5ED7E1B}","Observer"
"{7AF4A62D-F00A-4CAA-8FC3-F243DC82DC51}","{D7A47F2A-9EE9-4C0A-B5BF-BC8AD5ED7E1B}","Observer"
"{E26533CE-B9CA-49D9-9B16-7EFD0BA4BC8C}","{D7A47F2A-9EE9-4C0A-B5BF-BC8AD5ED7E1B}","Observer"
"{24762F50-2C00-4761-AA49-BD227C633725}","{D7A47F2A-9EE9-4C0A-B5BF-BC8AD5ED7E1B}","Observer"
"{BE1061C0-FBFF-45F8-96EA-233CEA46F453}","{D7A47F2A-9EE9-4C0A-B5BF-BC8AD5ED7E1B}","Observer"
"{CE8B9797-4DDD-4BBE-B8FA-309EABDB323D}","{D7A47F2A-9EE9-4C0A-B5BF-BC8AD5ED7E1B}","Observer"
"{C222CF80-7116-47F8-AFD8-E402528A0608}","{D7A47F2A-9EE9-4C0A-B5BF-BC8AD5ED7E1B}","observer"
"{5FB3D689-EF77-4705-BCC7-7EBCEF84227B}","{D7A47F2A-9EE9-4C0A-B5BF-BC8AD5ED7E1B}","observer"
"{77188BDF-7ABF-4DCD-BA16-76C581818BF3}","{D7A47F2A-9EE9-4C0A-B5BF-BC8AD5ED7E1B}","Observer"
"{0DFA7028-6430-4749-B70A-724A1BF2055A}","{D7A47F2A-9EE9-4C0A-B5BF-BC8AD5ED7E1B}","observer"
"{8773B176-197B-48E6-A2BA-CF91C4C1E25E}","{D7A47F2A-9EE9-4C0A-B5BF-BC8AD5ED7E1B}","Observer"
"{6BA7D8E1-D3E2-462A-B7EE-035B46ED89B6}","{D7A47F2A-9EE9-4C0A-B5BF-BC8AD5ED7E1B}","Observer"
"{DB77229C-75E8-4FC5-A2D6-FA94AE113D4E}","{D7A47F2A-9EE9-4C0A-B5BF-BC8AD5ED7E1B}","Observer"
"{9E001448-4A61-4D9C-987A-9214D8ABA818}","{D7A47F2A-9EE9-4C0A-B5BF-BC8AD5ED7E1B}","observer"
"{A88F7649-B96F-495D-811C-0956AD628111}","{D7A47F2A-9EE9-4C0A-B5BF-BC8AD5ED7E1B}","observer"
"{98464826-8DFA-47FC-A2AB-85F391E4AB57}","{D7A47F2A-9EE9-4C0A-B5BF-BC8AD5ED7E1B}","observer"
"{35EBD453-125E-437F-A2ED-80C6B2F3F378}","{D7A47F2A-9EE9-4C0A-B5BF-BC8AD5ED7E1B}","observer"
"{C15CDC5A-46BF-4579-9FB0-39BF1178C623}","{D7A47F2A-9EE9-4C0A-B5BF-BC8AD5ED7E1B}","observer"
"{48F333E0-8075-4C50-8237-817D74A02475}","{D7A47F2A-9EE9-4C0A-B5BF-BC8AD5ED7E1B}","observer"
"{C1FA14A6-C60B-4D14-8F24-501871AE6FF1}","{D7A47F2A-9EE9-4C0A-B5BF-BC8AD5ED7E1B}","observer"
"{F6316646-B964-468C-9078-F48EE1698204}","{D7A47F2A-9EE9-4C0A-B5BF-BC8AD5ED7E1B}","observer"
"{4B50914B-5269-4547-9A26-A954585C226B}","{D7A47F2A-9EE9-4C0A-B5BF-BC8AD5ED7E1B}","observer"
"{C8A78588-012B-47EE-AE42-7E88DDEFAE7B}","{D7A47F2A-9EE9-4C0A-B5BF-BC8AD5ED7E1B}","observer"
"{9C823FF4-0AAB-490C-ABAE-7D3354A1CC6C}","{D7A47F2A-9EE9-4C0A-B5BF-BC8AD5ED7E1B}","observer"
"{91B70211-68B0-4AC6-9D83-50C0BD76D47E}","{D7A47F2A-9EE9-4C0A-B5BF-BC8AD5ED7E1B}","observer"
"{7B9D5683-1430-45D0-9594-E02A3853E529}","{D7A47F2A-9EE9-4C0A-B5BF-BC8AD5ED7E1B}","observer"
"{0C1ABE20-27EE-4563-9AE2-8A26D081DC6B}","{D7A47F2A-9EE9-4C0A-B5BF-BC8AD5ED7E1B}","observer"
"{3119F392-3F78-4E2D-967C-00C62539C7FE}","{D7A47F2A-9EE9-4C0A-B5BF-BC8AD5ED7E1B}","observer"
"{55A0C335-4882-4088-83A4-264899F2C340}","{D7A47F2A-9EE9-4C0A-B5BF-BC8AD5ED7E1B}","observer"
"{EAD48F38-F9E5-4E11-A42A-8F2175A73820}","{D7A47F2A-9EE9-4C0A-B5BF-BC8AD5ED7E1B}","observer"
"{A06DA1FC-70CA-4BE2-AF72-EC5A3876E6BD}","{D7A47F2A-9EE9-4C0A-B5BF-BC8AD5ED7E1B}","observer"
"{A06DA1FC-70CA-4BE2-AF72-EC5A3876E6BD}","{42EAE563-BD30-44C2-8D18-8ECF296CC00C}","observer"
"{F8FE5D85-B1E1-41BA-B4F7-597110DA9F84}","{D7A47F2A-9EE9-4C0A-B5BF-BC8AD5ED7E1B}","observer"
"{ED41CDFE-D538-4995-B73E-412056059300}","{D7A47F2A-9EE9-4C0A-B5BF-BC8AD5ED7E1B}","observer"
"{7C4DBCB1-EAD4-4C63-8560-3EC8A3291207}","{D7A47F2A-9EE9-4C0A-B5BF-BC8AD5ED7E1B}","observer"
"{EAD48F38-F9E5-4E11-A42A-8F2175A73820}","{42EAE563-BD30-44C2-8D18-8ECF296CC00C}","observer"
"{55A0C335-4882-4088-83A4-264899F2C340}","{42EAE563-BD30-44C2-8D18-8ECF296CC00C}","observer"
"{3119F392-3F78-4E2D-967C-00C62539C7FE}","{42EAE563-BD30-44C2-8D18-8ECF296CC00C}","observer"
"{0C1ABE20-27EE-4563-9AE2-8A26D081DC6B}","{42EAE563-BD30-44C2-8D18-8ECF296CC00C}","observer"
"{2891F344-8181-499D-9696-71FE4DCC5A19}",,
"{CEA84FEC-8EE2-4E33-BCCA-5759F3457239}","{E7129367-C921-4B50-AC6C-6EFD2A4B0F7C}","Observer"
